"01","AGRICULTURAL PRODUCTION-CROPS"
"011","CASH GRAINS"
"0111","WHEAT"
"0112","RICE"
"0115","CORN"
"0116","SOYBEANS"
"0119","CASH GRAINS, NOT ELSEWHERE CLASSIFIED"
"013","FIELD CROPS, EXCEPT CASH GRAINS"
"0131","COTTON"
"0132","TOBACCO"
"0133","SUGARCANE AND SUGAR BEETS"
"0134","IRISH POTATOES"
"0139","FIELD CROPS, EXCEPT CASH GRAINS, NOT ELSEWHERE CLASSIFIED"
"016","VEGETABLES AND MELONS"
"0161","VEGETABLES AND MELONS"
"017","FRUITS AND TREE NUTS"
"0171","BERRY CROPS"
"0172","GRAPES"
"0173","TREE NUTS"
"0174","CITRUS FRUITS"
"0175","DECIDUOUS TREE FRUITS"
"0179","FRUITS AND TREE NUTS, NOT ELSEWHERE CLASSIFIED"
"018","HORTICULTURAL SPECIALTIES"
"0181","ORNAMENTAL FLORICULTURE AND NURSERY PRODUCTS"
"0182","FOOD CROPS GROWN UNDER COVER"
"019","GENERAL FARMS, PRIMARILY CROP"
"0191","GENERAL FARMS, PRIMARILY CROP"
"02","AGRICULTURAL PRODUCTION-LIVESTOCK AND ANIMAL SPECIALTIES"
"021","LIVESTOCK, EXCEPT DAIRY AND POULTRY"
"0211","BEEF CATTLE FEEDLOTS"
"0212","BEEF CATTLE, EXCEPT FEEDLOTS"
"0213","HOGS"
"0214","SHEEP AND GOATS"
"0219","GENERAL LIVESTOCK, EXCEPT DAIRY AND POULTRY"
"024","DAIRY FARMS"
"0241","DAIRY FARMS"
"025","POULTRY AND EGGS"
"0251","BROILER, FRYER, AND ROASTER CHICKENS"
"0252","CHICKEN EGGS"
"0253","TURKEYS AND TURKEY EGGS"
"0254","POULTRY HATCHERIES"
"0259","POULTRY AND EGGS, NOT ELSEWHERE CLASSIFIED"
"027","ANIMAL SPECIALTIES"
"0271","FUR-BEARING ANIMALS AND RABBITS"
"0272","HORSES AND OTHER EQUINES"
"0273","ANIMAL AQUACULTURE"
"0279","ANIMAL SPECIALTIES, NOT ELSEWHERE CLASSIFIED"
"029","GENERAL FARMS, PRIMARILY LIVESTOCK AND ANIMAL SPECIALTIES"
"0291","GENERAL FARMS, PRIMARILY LIVESTOCK AND ANIMAL SPECIALTIES"
"07","AGRICULTURAL SERVICES"
"071","SOIL PREPARATION SERVICES"
"0711","SOIL PREPARATION SERVICES"
"072","CROP SERVICES"
"0721","CROP PLANTING, CULTIVATING, AND PROTECTING"
"0722","CROP HARVESTING, PRIMARILY BY MACHINE"
"0723","CROP PREPARATION SERVICES FOR MARKET, EXCEPT COTTON GINNING"
"0724","COTTON GINNING"
"074","VETERINARY SERVICES"
"0741","VETERINARY SERVICES FOR LIVESTOCK"
"0742","VETERINARY SERVICES FOR ANIMAL SPECIALTIES"
"075","ANIMAL SERVICES, EXCEPT VETERINARY"
"0751","LIVESTOCK SERVICES, EXCEPT VETERINARY"
"0752","ANIMAL SPECIALTY SERVICES, EXCEPT VETERINARY"
"076","FARM LABOR AND MANAGEMENT SERVICES"
"0761","FARM LABOR CONTRACTORS AND CREW LEADERS"
"0762","FARM MANAGEMENT SERVICES"
"078","LANDSCAPE AND HORTICULTURAL SERVICES"
"0781","LANDSCAPE COUNSELING AND PLANNING"
"0782","LAWN AND GARDEN SERVICES"
"0783","ORNAMENTAL SHRUB AND TREE SERVICES"
"08","-FORESTRY"
"081","TIMBER TRACTS"
"0811","TIMBER TRACTS"
"083","FOREST NURSERIES AND GATHERING OF FOREST PRODUCTS"
"0831","FOREST NURSERIES AND GATHERING OF FOREST PRODUCTS"
"085","FORESTRY SERVICES"
"0851","FORESTRY SERVICES"
"09","FISHING, HUNTING, AND TRAPPING"
"091","COMMERCIAL FISHING"
"0912","FINFISH"
"0913","SHELLFISH"
"0919","MISCELLANEOUS MARINE PRODUCTS"
"092","FISH HATCHERIES AND PRESERVES"
"0921","FISH HATCHERIES AND PRESERVES"
"097","HUNTING AND TRAPPING, AND GAME PROPAGATION"
"0971","HUNTING AND TRAPPING, AND GAME PROPAGATION"
"10","METAL MINING"
"101","IRON ORES"
"1011","IRON ORES"
"102","COPPER ORES"
"1021","COPPER ORES"
"103","LEAD AND ZINC ORES"
"1031","LEAD AND ZINC ORES"
"104","GOLD AND SILVER ORES"
"1041","GOLD ORES"
"1044","SILVER ORES"
"106","FERROALLOY ORES, EXCEPT VANADIUM"
"1061","FERROALLOY ORES, EXCEPT VANADIUM"
"108","METAL MINING SERVICES"
"1081","METAL MINING SERVICES"
"109","MISCELLANEOUS METAL ORES"
"1094","URANIUM-RADIUM-VANADIUM ORES"
"1099","MISCELLANEOUS METAL ORES, NOT ELSEWHERE CLASSIFIED"
"12","COAL MINING"
"122","BITUMINOUS COAL AND LIGNITE MINING"
"1221","BITUMINOUS COAL AND LIGNITE SURFACE MINING"
"1222","BITUMINOUS COAL UNDERGROUND MINING"
"123","ANTHRACITE MINING"
"1231","ANTHRACITE MINING"
"124","COAL MINING SERVICES"
"1241","COAL MINING SERVICES"
"13","OIL AND GAS EXTRACTION"
"131","CRUDE PETROLEUM AND NATURAL GAS"
"1311","CRUDE PETROLEUM AND NATURAL GAS"
"132","NATURAL GAS LIQUIDS"
"1321","NATURAL GAS LIQUIDS"
"138","OIL AND GAS FIELD SERVICES"
"1381","DRILLING OIL AND GAS WELLS"
"1382","OIL AND GAS FIELD EXPLORATION SERVICES"
"1389","OIL AND GAS FIELD SERVICES, NOT ELSEWHERE CLASSIFIED"
"14","MINING AND QUARRYING OF NONMETALLIC MINERALS, EXCEPT FUELS"
"141","DIMENSION STONE"
"1411","DIMENSION STONE"
"142","CRUSHED AND BROKEN STONE, INCLUDING RIPRAP"
"1422","CRUSHED AND BROKEN LIMESTONE"
"1423","CRUSHED AND BROKEN GRANITE"
"1429","CRUSHED AND BROKEN STONE, NOT ELSEWHERE CLASSIFIED"
"144","SAND AND GRAVEL"
"1442","CONSTRUCTION SAND AND GRAVEL"
"1446","INDUSTRIAL SAND"
"145","CLAY, CERAMIC, AND REFRACTORY MINERALS"
"1455","KAOLIN AND BALL CLAY"
"1459","CLAY, CERAMIC, AND REFRACTORY MINERALS, NOT ELSEWHERE CLASSIFIED"
"147","CHEMICAL AND FERTILIZER MINERAL MINING"
"1474","POTASH, SODA, AND BORATE MINERALS"
"1475","PHOSPHATE ROCK"
"1479","CHEMICAL AND FERTILIZER MINERAL MINING, NOT ELSEWHERE CLASSIFIED"
"148","NONMETALLIC MINERALS SERVICES, EXCEPT FUELS"
"1481","NONMETALLIC MINERALS SERVICES, EXCEPT FUELS"
"149","MISCELLANEOUS NONMETALLIC MINERALS, EXCEPT FUELS"
"1499","MISCELLANEOUS NONMETALLIC MINERALS, EXCEPT FUELS"
"15","BUILDING CONSTRUCTION-GENERAL CONTRACTORS AND OPERATIVE BUILDERS"
"152","GENERAL BUILDING CONTRACTORS-RESIDENTIAL BUILDINGS"
"1521","GENERAL CONTRACTORS-SINGLE-FAMILY HOUSES"
"1522","GENERAL CONTRACTORS-RESIDENTIAL BUILDINGS, OTHER THAN SINGLE-FAMI"
"153","OPERATIVE BUILDERS"
"1531","OPERATIVE BUILDERS"
"154","GENERAL BUILDING CONTRACTORS-NONRESIDENTIAL BUILDINGS"
"1541","GENERAL CONTRACTORS-INDUSTRIAL BUILDINGS AND WAREHOUSES"
"1542","GENERAL CONTRACTORS-NONRESIDENTIAL BUILDINGS, OTHER THAN INDUSTRI"
"16","HEAVY CONSTRUCTION OTHER THAN BUILDING CONSTRUCTION-CONTRACTORS"
"161","HIGHWAY AND STREET CONSTRUCTION, EXCEPT ELEVATED HIGHWAYS"
"1611","HIGHWAY AND STREET CONSTRUCTION, EXCEPT ELEVATED HIGHWAYS"
"162","HEAVY CONSTRUCTION, EXCEPT HIGHWAY AND STREET CONSTRUCTION"
"1622","BRIDGE, TUNNEL, AND ELEVATED HIGHWAY CONSTRUCTION"
"1623","WATER, SEWER, PIPELINE, AND COMMUNICATIONS AND POWER LINE CONSTRU"
"1629","HEAVY CONSTRUCTION, NOT ELSEWHERE CLASSIFIED"
"17","CONSTRUCTION-SPECIAL TRADE CONTRACTORS"
"171","PLUMBING, HEATING AND AIR-CONDITIONING"
"1711","PLUMBING, HEATING AND AIR-CONDITIONING"
"172","PAINTING AND PAPER HANGING"
"1721","PAINTING AND PAPER HANGING"
"173","ELECTRICAL WORK"
"1731","ELECTRICAL WORK"
"174","MASONRY, STONEWORK, TILE SETTING, AND PLASTERING"
"1741","MASONRY, STONE SETTING, AND OTHER STONE WORK"
"1742","PLASTERING, DRYWALL, ACOUSTICAL, AND INSULATION WORK"
"1743","TERRAZZO, TILE, MARBLE, AND MOSAIC WORK"
"175","CARPENTRY AND FLOOR WORK"
"1751","CARPENTRY WORK"
"1752","FLOOR LAYING AND OTHER FLOOR WORK, NOT ELSEWHERE CLASSIFIED"
"176","ROOFING, SIDING, AND SHEET METAL WORK"
"1761","ROOFING, SIDING, AND SHEET METAL WORK"
"177","CONCRETE WORK"
"1771","CONCRETE WORK"
"178","WATER WELL DRILLING"
"1781","WATER WELL DRILLING"
"179","MISCELLANEOUS SPECIAL TRADE CONTRACTORS"
"1791","STRUCTURAL STEEL ERECTION"
"1793","GLASS AND GLAZING WORK"
"1793","GLASS INSTALLATION, EXCEPT AUTOMOTIVE-CONTRACTORS"
"1794","EXCAVATION WORK"
"1795","WRECKING AND DEMOLITION WORK"
"1796","INSTALLATION OR ERECTION OF BUILDING EQUIPMENT, NOT ELSEWHERE CLA"
"1799","SPECIAL TRADE CONTRACTORS, NOT ELSEWHERE CLASSIFIED"
"20","FOOD AND KINDRED PRODUCTS"
"201","MEAT PRODUCTS"
"2011","MEAT PACKING PLANTS"
"2013","SAUSAGES AND OTHER PREPARED MEAT PRODUCTS"
"2015","POULTRY SLAUGHTERING AND PROCESSING"
"202","DAIRY PRODUCTS"
"2021","CREAMERY BUTTER"
"2022","NATURAL, PROCESSED, AND IMITATION CHEESE"
"2023","DRY, CONDENSED, AND EVAPORATED DAIRY PRODUCTS"
"2024","ICE CREAM AND FROZEN DESSERTS"
"2026","FLUID MILK"
"203","CANNED, FROZEN, AND PRESERVED FRUITS, VEGETABLES, AND FOOD SPECIAL"
"2032","CANNED SPECIALTIES"
"2033","CANNED FRUITS, VEGETABLES, PRESERVES, JAMS, AND JELLIES"
"2034","DRIED AND DEHYDRATED FRUITS, VEGETABLES, AND SOUP MIXES"
"2035","PICKLED FRUITS AND VEGETABLES, VEGETABLE SAUCES AND SEASONINGS, A"
"2037","FROZEN FRUITS, FRUIT JUICES, AND VEGETABLES"
"2038","FROZEN SPECIALTIES, NOT ELSEWHERE CLASSIFIED"
"204","GRAIN MILL PRODUCTS"
"2041","FLOUR AND OTHER GRAIN MILL PRODUCTS"
"2043","CEREAL BREAKFAST FOODS"
"2044","RICE MILLING"
"2045","PREPARED FLOUR MIXES AND DOUGHS"
"2046","WET CORN MILLING"
"2047","DOG AND CAT FOOD"
"2048","PREPARED FEEDS AND FEED INGREDIENTS FOR ANIMALS AND FOWLS, EXCEPT"
"205","BAKERY PRODUCTS"
"2051","BREAD AND OTHER BAKERY PRODUCTS, EXCEPT COOKIES AND CRACKERS"
"2052","COOKIES AND CRACKERS"
"2053","FROZEN BAKERY PRODUCTS, EXCEPT BREAD"
"206","SUGAR AND CONFECTIONERY PRODUCTS"
"2061","CANE SUGAR, EXCEPT REFINING"
"2062","CANE SUGAR REFINING"
"2063","BEET SUGAR"
"2064","CANDY AND OTHER CONFECTIONERY PRODUCTS"
"2066","CHOCOLATE AND COCOA PRODUCTS"
"2067","CHEWING GUM"
"2068","SALTED AND ROASTED NUTS AND SEEDS"
"207","FATS AND OILS"
"2074","COTTONSEED OIL MILLS"
"2075","SOYBEAN OIL MILLS"
"2076","VEGETABLE OIL MILLS, EXCEPT CORN, COTTONSEED, AND SOYBEAN"
"2077","ANIMAL AND MARINE FATS AND OILS"
"2079","SHORTENING, TABLE OILS, MARGARINE, AND OTHER EDIBLE FATS AND OILS"
"208","BEVERAGES"
"2082","MALT BEVERAGES"
"2083","MALT"
"2084","WINES, BRANDY, AND BRANDY SPIRITS"
"2085","DISTILLED AND BLENDED LIQUORS"
"2086","BOTTLED AND CANNED SOFT DRINKS AND CARBONATED WATERS"
"2087","FLAVORING EXTRACTS AND FLAVORING SYRUPS, NOT ELSEWHERE CLASSIFIED"
"209","MISCELLANEOUS FOOD PREPARATIONS AND KINDRED PRODUCTS"
"2091","CANNED AND CURED FISH AND SEAFOODS"
"2092","PREPARED FRESH OR FROZEN FISH AND SEAFOODS"
"2095","ROASTED COFFEE"
"2096","POTATO CHIPS, CORN CHIPS, AND SIMILAR SNACKS"
"2097","MANUFACTURED ICE"
"2098","MACARONI, SPAGHETTI, VERMICELLI, AND NOODLES"
"2099","FOOD PREPARATIONS, NOT ELSEWHERE CLASSIFIED"
"21","TOBACCO PRODUCTS"
"211","CIGARETTES"
"2111","CIGARETTES"
"212","CIGARS"
"2121","CIGARS"
"213","CHEWING AND SMOKING TOBACCO AND SNUFF"
"2131","CHEWING AND SMOKING TOBACCO AND SNUFF"
"214","TOBACCO STEMMING AND REDRYING"
"2141","TOBACCO STEMMING AND REDRYING"
"22","TEXTILE MILL PRODUCTS"
"221","BROADWOVEN FABRIC MILLS, COTTON"
"2211","BROADWOVEN FABRIC MILLS, COTTON"
"222","BROADWOVEN FABRIC MILLS, MANMADE FIBER AND SILK"
"2221","BROADWOVEN FABRIC MILLS, MANMADE FIBER AND SILK"
"223","BROADWOVEN FABRIC MILLS, WOOL (INCLUDING DYEING AND FINISHING)"
"2231","BROADWOVEN FABRIC MILLS, WOOL (INCLUDING DYEING AND FINISHING)"
"224","NARROW FABRIC AND OTHER SMALLWARES MILLS: COTTON, WOOL, SILK, AND"
"2241","NARROW FABRIC AND OTHER SMALLWARES MILLS: COTTON, WOOL, SILK, AND"
"225","KNITTING MILLS"
"2251","WOMEN'S FULL-LENGTH AND KNEE-LENGTH HOSIERY, EXCEPT SOCKS"
"2252","HOSIERY, NOT ELSEWHERE CLASSIFIED"
"2253","KNIT OUTERWEAR MILLS"
"2254","KNIT UNDERWEAR AND NIGHTWEAR MILLS"
"2257","WEFT KNIT FABRIC MILLS"
"2258","LACE AND WARP KNIT FABRIC MILLS"
"2259","KNITTING MILLS, NOT ELSEWHERE CLASSIFIED"
"226","DYEING AND FINISHING TEXTILES, EXCEPT WOOL FABRICS AND KNIT GOODS"
"2261","FINISHERS OF BROADWOVEN FABRICS OF COTTON"
"2262","FINISHERS OF BROADWOVEN FABRICS OF MANMADE FIBER AND SILK"
"2269","FINISHERS OF TEXTILES, NOT ELSEWHERE CLASSIFIED"
"227","CARPETS AND RUGS"
"2273","CARPETS AND RUGS"
"228","YARN AND THREAD MILLS"
"2281","YARN SPINNING MILLS"
"2282","YARN TEXTURIZING, THROWING, TWISTING, AND WINDING MILLS"
"2282","ACETATE FILAMENT YARN: THROWING, TWISTING, WINDING, OR SPOOLING"
"2284","THREAD MILLS"
"229","MISCELLANEOUS TEXTILE GOODS"
"2295","COATED FABRICS, NOT RUBBERIZED"
"2296","TIRE CORD AND FABRICS"
"2297","NONWOVEN FABRICS"
"2298","CORDAGE AND TWINE"
"2299","TEXTILE GOODS, NOT ELSEWHERE CLASSIFIED"
"23","APPAREL AND OTHER FINISHED PRODUCTS MADE FROM FABRICS AND SIMILAR MATERIAL"
"231","MEN'S AND BOYS' SUITS, COATS, AND OVERCOATS"
"2311","MEN'S AND BOYS' SUITS, COATS, AND OVERCOATS"
"232","MEN'S AND BOYS' FURNISHINGS, WORK CLOTHING, AND ALLIED GARMENTS"
"2321","MEN'S AND BOYS' SHIRTS, EXCEPT WORK SHIRTS"
"2322","MEN'S AND BOYS' UNDERWEAR AND NIGHTWEAR"
"2323","MEN'S AND BOYS' NECKWEAR"
"2325","MEN'S AND BOYS' SEPARATE TROUSERS AND SLACKS"
"2326","MEN'S AND BOYS' WORK CLOTHING"
"2329","MEN'S AND BOYS' CLOTHING, NOT ELSEWHERE CLASSIFIED"
"233","WOMEN'S, MISSES', AND JUNIORS' OUTERWEAR"
"2331","WOMEN'S, MISSES', AND JUNIORS' BLOUSES AND SHIRTS"
"2335","WOMEN'S, MISSES', AND JUNIORS' DRESSES"
"2337","WOMEN'S, MISSES', AND JUNIORS' SUITS, SKIRTS, AND COATS"
"2339","WOMEN'S, MISSES', AND JUNIORS' OUTERWEAR, NOT ELSEWHERE CLASSIFIE"
"234","WOMEN'S, MISSES', CHILDREN'S, AND INFANTS' UNDERGARMENTS"
"2341","WOMEN'S, MISSES', CHILDREN'S, AND INFANTS' UNDERWEAR AND NIGHTWEA"
"2342","BRASSIERES, GIRDLES, AND ALLIED GARMENTS"
"235","HATS, CAPS, AND MILLINERY"
"2353","HATS, CAPS, AND MILLINERY"
"236","GIRLS', CHILDREN'S, AND INFANTS' OUTERWEAR"
"2361","GIRLS', CHILDREN'S, AND INFANTS' DRESSES, BLOUSES, AND SHIRTS"
"2369","GIRLS', CHILDREN'S, AND INFANTS' OUTERWEAR, NOT ELSEWHERE CLASSIF"
"237","FUR GOODS"
"2371","FUR GOODS"
"238","MISCELLANEOUS APPAREL AND ACCESSORIES"
"2381","DRESS AND WORK GLOVES, EXCEPT KNIT AND ALL-LEATHER"
"2384","ROBES AND DRESSING GOWNS"
"2385","WATERPROOF OUTERWEAR"
"2386","LEATHER AND SHEEP-LINED CLOTHING"
"2387","APPAREL BELTS"
"2389","APPAREL AND ACCESSORIES, NOT ELSEWHERE CLASSIFIED"
"239","MISCELLANEOUS FABRICATED TEXTILE PRODUCTS"
"2391","CURTAINS AND DRAPERIES"
"2392","HOUSEFURNISHINGS, EXCEPT CURTAINS AND DRAPERIES"
"2393","TEXTILE BAGS"
"2394","CANVAS AND RELATED PRODUCTS"
"2395","PLEATING, DECORATIVE AND NOVELTY STITCHING, AND TUCKING FOR THE T"
"2396","AUTOMOTIVE TRIMMINGS, APPAREL FINDINGS, AND RELATED PRODUCTS"
"2397","SCHIFFLI MACHINE EMBROIDERIES"
"2399","FABRICATED TEXTILE PRODUCTS, NOT ELSEWHERE CLASSIFIED"
"24","LUMBER AND WOOD PRODUCTS, EXCEPT FURNITURE"
"241","LOGGING"
"2411","LOGGING"
"242","SAWMILLS AND PLANING MILLS"
"2421","SAWMILLS AND PLANING MILLS, GENERAL"
"2426","HARDWOOD DIMENSION AND FLOORING MILLS"
"2429","SPECIAL PRODUCT SAWMILLS, NOT ELSEWHERE CLASSIFIED"
"243","MILLWORK, VENEER, PLYWOOD, AND STRUCTURAL WOOD MEMBERS"
"2431","MILLWORK"
"2434","WOOD KITCHEN CABINETS"
"2435","HARDWOOD VENEER AND PLYWOOD"
"2436","SOFTWOOD VENEER AND PLYWOOD"
"2439","STRUCTURAL WOOD MEMBERS, NOT ELSEWHERE CLASSIFIED"
"244","WOOD CONTAINERS"
"2441","NAILED AND LOCK CORNER WOOD BOXES AND SHOOK"
"2448","WOOD PALLETS AND SKIDS"
"2449","WOOD CONTAINERS, NOT ELSEWHERE CLASSIFIED"
"245","WOOD BUILDINGS AND MOBILE HOMES"
"2451","MOBILE HOMES"
"2452","PREFABRICATED WOOD BUILDINGS AND COMPONENTS"
"249","MISCELLANEOUS WOOD PRODUCTS"
"2491","WOOD PRESERVING"
"2493","RECONSTITUTED WOOD PRODUCTS"
"2499","WOOD PRODUCTS, NOT ELSEWHERE CLASSIFIED"
"25","FURNITURE AND FIXTURES"
"251","HOUSEHOLD FURNITURE"
"2511","WOOD HOUSEHOLD FURNITURE, EXCEPT UPHOLSTERED"
"2512","WOOD HOUSEHOLD FURNITURE, UPHOLSTERED"
"2514","METAL HOUSEHOLD FURNITURE"
"2515","MATTRESSES, FOUNDATIONS, AND CONVERTIBLE BEDS"
"2517","WOOD TELEVISION, RADIO, PHONOGRAPH, AND SEWING MACHINE CABINETS"
"2519","HOUSEHOLD FURNITURE, NOT ELSEWHERE CLASSIFIED"
"252","OFFICE FURNITURE"
"2521","WOOD OFFICE FURNITURE"
"2522","OFFICE FURNITURE, EXCEPT WOOD"
"253","PUBLIC BUILDING AND RELATED FURNITURE"
"2531","PUBLIC BUILDING AND RELATED FURNITURE"
"254","PARTITIONS, SHELVING, LOCKERS, AND OFFICE AND STORE FIXTURES"
"2541","WOOD OFFICE AND STORE FIXTURES, PARTITIONS, SHELVING, AND LOCKERS"
"2542","OFFICE AND STORE FIXTURES, PARTITIONS, SHELVING, AND LOCKERS, EXC"
"259","MISCELLANEOUS FURNITURE AND FIXTURES"
"2591","DRAPERY HARDWARE AND WINDOW BLINDS AND SHADES"
"2599","FURNITURE AND FIXTURES, NOT ELSEWHERE CLASSIFIED"
"26","PAPER AND ALLIED PRODUCTS"
"261","PULP MILLS"
"2611","PULP MILLS"
"262","PAPER MILLS"
"2621","PAPER MILLS"
"263","PAPERBOARD MILLS"
"2631","PAPERBOARD MILLS"
"265","PAPERBOARD CONTAINERS AND BOXES"
"2652","SETUP PAPERBOARD BOXES"
"2653","CORRUGATED AND SOLID FIBER BOXES"
"2655","FIBER CANS, TUBES, DRUMS, AND SIMILAR PRODUCTS"
"2656","SANITARY FOOD CONTAINERS, EXCEPT FOLDING"
"2657","FOLDING PAPERBOARD BOXES, INCLUDING SANITARY"
"267","CONVERTED PAPER AND PAPERBOARD PRODUCTS, EXCEPT CONTAINERS AND BOX"
"2671","PACKAGING PAPER AND PLASTICS FILM, COATED AND LAMINATED"
"2672","COATED AND LAMINATED PAPER, NOT ELSEWHERE CLASSIFIED"
"2673","PLASTICS, FOIL, AND COATED PAPER BAGS"
"2674","UNCOATED PAPER AND MULTIWALL BAGS"
"2675","DIE-CUT PAPER AND PAPERBOARD AND CARDBOARD"
"2676","SANITARY PAPER PRODUCTS"
"2677","ENVELOPES"
"2678","STATIONERY, TABLETS, AND RELATED PRODUCTS"
"2679","CONVERTED PAPER AND PAPERBOARD PRODUCTS, NOT ELSEWHERE CLASSIFIED"
"27","PRINTING, PUBLISHING, AND ALLIED INDUSTRIES"
"271","NEWSPAPERS: PUBLISHING, OR PUBLISHING AND PRINTING"
"2711","NEWSPAPERS: PUBLISHING, OR PUBLISHING AND PRINTING"
"272","PERIODICALS: PUBLISHING, OR PUBLISHING AND PRINTING"
"2721","PERIODICALS: PUBLISHING, OR PUBLISHING AND PRINTING"
"273","BOOKS"
"2731","BOOKS: PUBLISHING, OR PUBLISHING AND PRINTING"
"2732","BOOK PRINTING"
"274","MISCELLANEOUS PUBLISHING"
"2741","MISCELLANEOUS PUBLISHING"
"275","COMMERCIAL PRINTING"
"2752","COMMERCIAL PRINTING, LITHOGRAPHIC"
"2754","COMMERCIAL PRINTING, GRAVURE"
"2759","COMMERCIAL PRINTING, NOT ELSEWHERE CLASSIFIED"
"276","MANIFOLD BUSINESS FORMS"
"2761","MANIFOLD BUSINESS FORMS"
"277","GREETING CARDS"
"2771","GREETING CARDS"
"278","BLANKBOOKS, LOOSELEAF BINDERS, AND BOOKBINDING AND RELATED WORK"
"2782","BLANKBOOKS, LOOSELEAF BINDERS AND DEVICES"
"2789","BOOKBINDING AND RELATED WORK"
"279","SERVICE INDUSTRIES FOR THE PRINTING TRADE"
"2791","TYPESETTING"
"2796","PLATEMAKING AND RELATED SERVICES"
"28","CHEMICALS AND ALLIED PRODUCTS"
"281","INDUSTRIAL INORGANIC CHEMICALS"
"2812","ALKALIES AND CHLORINE"
"2813","INDUSTRIAL GASES"
"2816","INORGANIC PIGMENTS"
"2819","INDUSTRIAL INORGANIC CHEMICALS, NOT ELSEWHERE CLASSIFIED"
"282","PLASTICS MATERIALS AND SYNTHETIC RESINS, SYNTHETIC RUBBER, CELLULO"
"2821","PLASTICS MATERIALS, SYNTHETIC RESINS, AND NONVULCANIZABLE ELASTOM"
"2822","SYNTHETIC RUBBER (VULCANIZABLE ELASTOMERS)"
"2823","CELLULOSIC MANMADE FIBERS"
"2824","MANMADE ORGANIC FIBERS, EXCEPT CELLULOSIC"
"283","DRUGS"
"2833","MEDICINAL CHEMICALS AND BOTANICAL PRODUCTS"
"2834","PHARMACEUTICAL PREPARATIONS"
"2835","IN VITRO AND IN VIVO DIAGNOSTIC SUBSTANCES"
"2836","BIOLOGICAL PRODUCTS, EXCEPT DIAGNOSTIC SUBSTANCES"
"284","SOAP, DETERGENTS, AND CLEANING PREPARATIONS; PERFUMES, COSMETICS,"
"2841","SOAP AND OTHER DETERGENTS, EXCEPT SPECIALTY CLEANERS"
"2842","SPECIALTY CLEANING, POLISHING, AND SANITATION PREPARATIONS"
"2843","SURFACE ACTIVE AGENTS, FINISHING AGENTS, SULFONATED OILS, AND ASS"
"2844","PERFUMES, COSMETICS, AND OTHER TOILET PREPARATIONS"
"285","PAINTS, VARNISHES, LACQUERS, ENAMELS, AND ALLIED PRODUCTS"
"2851","PAINTS, VARNISHES, LACQUERS, ENAMELS, AND ALLIED PRODUCTS"
"286","INDUSTRIAL ORGANIC CHEMICALS"
"2861","GUM AND WOOD CHEMICALS"
"2865","CYCLIC ORGANIC CRUDES AND INTERMEDIATES, AND ORGANIC DYES AND PIG"
"2869","INDUSTRIAL ORGANIC CHEMICALS, NOT ELSEWHERE CLASSIFIED"
"287","AGRICULTURAL CHEMICALS"
"2873","NITROGENOUS FERTILIZERS"
"2874","PHOSPHATIC FERTILIZERS"
"2875","FERTILIZERS, MIXING ONLY"
"2879","PESTICIDES AND AGRICULTURAL CHEMICALS, NOT ELSEWHERE CLASSIFIED"
"289","MISCELLANEOUS CHEMICAL PRODUCTS"
"2891","ADHESIVES AND SEALANTS"
"2892","EXPLOSIVES"
"2893","PRINTING INK"
"2895","CARBON BLACK"
"2899","CHEMICALS AND CHEMICAL PREPARATIONS, NOT ELSEWHERE CLASSIFIED"
"29","PETROLEUM REFINING AND RELATED INDUSTRIES"
"291","PETROLEUM REFINING"
"2911","PETROLEUM REFINING"
"295","ASPHALT PAVING AND ROOFING MATERIALS"
"2951","ASPHALT PAVING MIXTURES AND BLOCKS"
"2952","ASPHALT FELTS AND COATINGS"
"299","MISCELLANEOUS PRODUCTS OF PETROLEUM AND COAL"
"2992","LUBRICATING OILS AND GREASES"
"2999","PRODUCTS OF PETROLEUM AND COAL, NOT ELSEWHERE CLASSIFIED"
"30","RUBBER AND MISCELLANEOUS PLASTICS PRODUCTS"
"301","TIRES AND INNER TUBES"
"3011","TIRES AND INNER TUBES"
"302","RUBBER AND PLASTICS FOOTWEAR"
"3021","RUBBER AND PLASTICS FOOTWEAR"
"305","GASKETS, PACKING, AND SEALING DEVICES AND RUBBER AND PLASTICS HOSE"
"3052","RUBBER AND PLASTICS HOSE AND BELTING"
"3053","GASKETS, PACKING, AND SEALING DEVICES"
"306","FABRICATED RUBBER PRODUCTS, NOT ELSEWHERE CLASSIFIED"
"3061","MOLDED, EXTRUDED, AND LATHE-CUT MECHANICAL RUBBER GOODS"
"3069","FABRICATED RUBBER PRODUCTS, NOT ELSEWHERE CLASSIFIED"
"308","MISCELLANEOUS PLASTICS PRODUCTS"
"3081","UNSUPPORTED PLASTICS FILM AND SHEET"
"3082","UNSUPPORTED PLASTICS PROFILE SHAPES"
"3083","LAMINATED PLASTICS PLATE, SHEET, AND PROFILE SHAPES"
"3084","PLASTICS PIPE"
"3085","PLASTICS BOTTLES"
"3086","PLASTICS FOAM PRODUCTS"
"3087","CUSTOM COMPOUNDING OF PURCHASED PLASTICS RESINS"
"3088","PLASTICS PLUMBING FIXTURES"
"3089","PLASTICS PRODUCTS, NOT ELSEWHERE CLASSIFIED"
"31","LEATHER AND LEATHER PRODUCTS"
"311","LEATHER TANNING AND FINISHING"
"3111","LEATHER TANNING AND FINISHING"
"313","BOOT AND SHOE CUT STOCK AND FINDINGS"
"3131","BOOT AND SHOE CUT STOCK AND FINDINGS"
"314","FOOTWEAR, EXCEPT RUBBER"
"3142","HOUSE SLIPPERS"
"3143","MEN'S FOOTWEAR, EXCEPT ATHLETIC"
"3144","WOMEN'S FOOTWEAR, EXCEPT ATHLETIC"
"3149","FOOTWEAR, EXCEPT RUBBER, NOT ELSEWHERE CLASSIFIED"
"315","LEATHER GLOVES AND MITTENS"
"3151","LEATHER GLOVES AND MITTENS"
"316","LUGGAGE"
"3161","LUGGAGE"
"317","HANDBAGS AND OTHER PERSONAL LEATHER GOODS"
"3171","WOMEN'S HANDBAGS AND PURSES"
"3172","PERSONAL LEATHER GOODS, EXCEPT WOMEN'S HANDBAGS AND PURSES"
"319","LEATHER GOODS, NOT ELSEWHERE CLASSIFIED"
"3199","LEATHER GOODS, NOT ELSEWHERE CLASSIFIED"
"32","STONE, CLAY, GLASS, AND CONCRETE PRODUCTS"
"321","FLAT GLASS"
"3211","FLAT GLASS"
"322","GLASS AND GLASSWARE, PRESSED OR BLOWN"
"3221","GLASS CONTAINERS"
"3229","PRESSED AND BLOWN GLASS AND GLASSWARE, NOT ELSEWHERE CLASSIFIED"
"323","GLASS PRODUCTS, MADE OF PURCHASED GLASS"
"3231","GLASS PRODUCTS, MADE OF PURCHASED GLASS"
"324","CEMENT, HYDRAULIC"
"3241","CEMENT, HYDRAULIC"
"325","STRUCTURAL CLAY PRODUCTS"
"3251","BRICK AND STRUCTURAL CLAY TILE"
"3253","CERAMIC WALL AND FLOOR TILE"
"3255","CLAY REFRACTORIES"
"3259","STRUCTURAL CLAY PRODUCTS, NOT ELSEWHERE CLASSIFIED"
"326","POTTERY AND RELATED PRODUCTS"
"3261","VITREOUS CHINA PLUMBING FIXTURES AND CHINA AND EARTHENWARE FITTIN"
"3262","VITREOUS CHINA TABLE AND KITCHEN ARTICLES"
"3263","FINE EARTHENWARE (WHITEWARE) TABLE AND KITCHEN ARTICLES"
"3264","PORCELAIN ELECTRICAL SUPPLIES"
"3269","POTTERY PRODUCTS, NOT ELSEWHERE CLASSIFIED"
"327","CONCRETE, GYPSUM, AND PLASTER PRODUCTS"
"3271","CONCRETE BLOCK AND BRICK"
"3272","CONCRETE PRODUCTS, EXCEPT BLOCK AND BRICK"
"3273","READY-MIXED CONCRETE"
"3274","LIME"
"3275","GYPSUM PRODUCTS"
"328","CUT STONE AND STONE PRODUCTS"
"3281","CUT STONE AND STONE PRODUCTS"
"329","ABRASIVE, ASBESTOS, AND MISCELLANEOUS NONMETALLIC MINERAL PRODUCTS"
"3291","ABRASIVE PRODUCTS"
"3292","ASBESTOS PRODUCTS"
"3295","MINERALS AND EARTHS, GROUND OR OTHERWISE TREATED"
"3296","MINERAL WOOL"
"3297","NONCLAY REFRACTORIES"
"3299","NONMETALLIC MINERAL PRODUCTS, NOT ELSEWHERE CLASSIFIED"
"33","PRIMARY METAL INDUSTRIES"
"331","STEEL WORKS, BLAST FURNACES, AND ROLLING AND FINISHING MILLS"
"3312","STEEL WORKS, BLAST FURNACES (INCLUDING COKE OVENS), AND ROLLING M"
"3313","ELECTROMETALLURGICAL PRODUCTS, EXCEPT STEEL"
"3315","STEEL WIREDRAWING AND STEEL NAILS AND SPIKES"
"3316","COLD-ROLLED STEEL SHEET, STRIP, AND BARS"
"3317","STEEL PIPE AND TUBES"
"332","IRON AND STEEL FOUNDRIES"
"3321","GRAY AND DUCTILE IRON FOUNDRIES"
"3322","MALLEABLE IRON FOUNDRIES"
"3324","STEEL INVESTMENT FOUNDRIES"
"3325","STEEL FOUNDRIES, NOT ELSEWHERE CLASSIFIED"
"333","PRIMARY SMELTING AND REFINING OF NONFERROUS METALS"
"3331","PRIMARY SMELTING AND REFINING OF COPPER"
"3334","PRIMARY PRODUCTION OF ALUMINUM"
"3339","PRIMARY SMELTING AND REFINING OF NONFERROUS METALS, EXCEPT COPPER"
"334","SECONDARY SMELTING AND REFINING OF NONFERROUS METALS"
"3341","SECONDARY SMELTING AND REFINING OF NONFERROUS METALS"
"335","ROLLING, DRAWING, AND EXTRUDING OF NONFERROUS METALS"
"3351","ROLLING, DRAWING, AND EXTRUDING OF COPPER"
"3353","ALUMINUM SHEET, PLATE, AND FOIL"
"3354","ALUMINUM EXTRUDED PRODUCTS"
"3355","ALUMINUM ROLLING AND DRAWING, NOT ELSEWHERE CLASSIFIED"
"3356","ROLLING, DRAWING, AND EXTRUDING OF NONFERROUS METALS, EXCEPT COPP"
"3357","DRAWING AND INSULATING OF NONFERROUS WIRE"
"336","NONFERROUS FOUNDRIES (CASTINGS)"
"3363","ALUMINUM DIE-CASTINGS"
"3364","NONFERROUS DIE-CASTINGS, EXCEPT ALUMINUM"
"3365","ALUMINUM FOUNDRIES"
"3366","COPPER FOUNDRIES"
"3369","NONFERROUS FOUNDRIES, EXCEPT ALUMINUM AND COPPER"
"339","MISCELLANEOUS PRIMARY METAL PRODUCTS"
"3398","METAL HEAT TREATING"
"3399","PRIMARY METAL PRODUCTS, NOT ELSEWHERE CLASSIFIED"
"34","FABRICATED METAL PRODUCTS, EXCEPT MACHINERY AND TRANSPORTATION EQUIPMENT"
"341","METAL CANS AND SHIPPING CONTAINERS"
"3411","METAL CANS"
"3412","METAL SHIPPING BARRELS, DRUMS, KEGS, AND PAILS"
"342","CUTLERY, HANDTOOLS, AND GENERAL HARDWARE"
"3421","CUTLERY"
"3423","HAND AND EDGE TOOLS, EXCEPT MACHINE TOOLS AND HANDSAWS"
"3425","SAW BLADES AND HANDSAWS"
"3429","HARDWARE, NOT ELSEWHERE CLASSIFIED"
"343","HEATING EQUIPMENT, EXCEPT ELECTRIC AND WARM AIR; AND PLUMBING FIXT"
"3431","ENAMELED IRON AND METAL SANITARY WARE"
"3432","PLUMBING FIXTURE FITTINGS AND TRIM"
"3433","HEATING EQUIPMENT, EXCEPT ELECTRIC AND WARM AIR FURNACES"
"344","FABRICATED STRUCTURAL METAL PRODUCTS"
"3441","FABRICATED STRUCTURAL METAL"
"3442","METAL DOORS, SASH, FRAMES, MOLDING, AND TRIM"
"3443","FABRICATED PLATE WORK (BOILER SHOPS)"
"3444","SHEET METALWORK"
"3446","ARCHITECTURAL AND ORNAMENTAL METALWORK"
"3448","PREFABRICATED METAL BUILDINGS AND COMPONENTS"
"3449","MISCELLANEOUS STRUCTURAL METALWORK"
"345","SCREW MACHINE PRODUCTS, AND BOLTS, NUTS, SCREWS, RIVETS, AND WASHE"
"3451","SCREW MACHINE PRODUCTS"
"3452","BOLTS, NUTS, SCREWS, RIVETS, AND WASHERS"
"346","METAL FORGINGS AND STAMPINGS"
"3462","IRON AND STEEL FORGINGS"
"3463","NONFERROUS FORGINGS"
"3465","AUTOMOTIVE STAMPINGS"
"3466","CROWNS AND CLOSURES"
"3469","METAL STAMPINGS, NOT ELSEWHERE CLASSIFIED"
"347","COATING, ENGRAVING, AND ALLIED SERVICES"
"3471","ELECTROPLATING, PLATING, POLISHING, ANODIZING, AND COLORING"
"3479","COATING, ENGRAVING, AND ALLIED SERVICES, NOT ELSEWHERE CLASSIFIED"
"348","ORDNANCE AND ACCESSORIES, EXCEPT VEHICLES AND GUIDED MISSILES"
"3482","SMALL ARMS AMMUNITION"
"3483","AMMUNITION, EXCEPT FOR SMALL ARMS"
"3484","SMALL ARMS"
"3489","ORDNANCE AND ACCESSORIES, NOT ELSEWHERE CLASSIFIED"
"349","MISCELLANEOUS FABRICATED METAL PRODUCTS"
"3491","INDUSTRIAL VALVES"
"3492","FLUID POWER VALVES AND HOSE FITTINGS"
"3493","STEEL SPRINGS, EXCEPT WIRE"
"3494","VALVES AND PIPE FITTINGS, NOT ELSEWHERE CLASSIFIED"
"3495","WIRE SPRINGS"
"3496","MISCELLANEOUS FABRICATED WIRE PRODUCTS"
"3497","METAL FOIL AND LEAF"
"3498","FABRICATED PIPE AND PIPE FITTINGS"
"3499","FABRICATED METAL PRODUCTS, NOT ELSEWHERE CLASSIFIED"
"35","INDUSTRIAL AND COMMERCIAL MACHINERY AND COMPUTER EQUIPMENT"
"351","ENGINES AND TURBINES"
"3511","STEAM, GAS, AND HYDRAULIC TURBINES, AND TURBINE GENERATOR SET UNI"
"3519","INTERNAL COMBUSTION ENGINES, NOT ELSEWHERE CLASSIFIED"
"352","FARM AND GARDEN MACHINERY AND EQUIPMENT"
"3523","FARM MACHINERY AND EQUIPMENT"
"3524","LAWN AND GARDEN TRACTORS AND HOME LAWN AND GARDEN EQUIPMENT"
"3524","BLOWERS, RESIDENTIAL LAWN"
"353","CONSTRUCTION, MINING, AND MATERIALS HANDLING MACHINERY AND EQUIPME"
"3531","CONSTRUCTION MACHINERY AND EQUIPMENT"
"3532","MINING MACHINERY AND EQUIPMENT, EXCEPT OIL AND GAS FIELD MACHINER"
"3533","OIL AND GAS FIELD MACHINERY AND EQUIPMENT"
"3534","ELEVATORS AND MOVING STAIRWAYS"
"3535","CONVEYORS AND CONVEYING EQUIPMENT"
"3536","OVERHEAD TRAVELING CRANES, HOISTS, AND MONORAIL SYSTEMS"
"3537","INDUSTRIAL TRUCKS, TRACTORS, TRAILERS, AND STACKERS"
"354","METALWORKING MACHINERY AND EQUIPMENT"
"3541","MACHINE TOOLS, METAL CUTTING TYPES"
"3542","MACHINE TOOLS, METAL FORMING TYPES"
"3543","INDUSTRIAL PATTERNS"
"3544","SPECIAL DIES AND TOOLS, DIE SETS, JIGS AND FIXTURES, AND INDUSTRI"
"3545","CUTTING TOOLS, MACHINE TOOL ACCESSORIES, AND MACHINISTS' PRECISIO"
"3546","POWER-DRIVEN HANDTOOLS"
"3547","ROLLING MILL MACHINERY AND EQUIPMENT"
"3548","ELECTRIC AND GAS WELDING AND SOLDERING EQUIPMENT"
"3549","METALWORKING MACHINERY, NOT ELSEWHERE CLASSIFIED"
"355","SPECIAL INDUSTRY MACHINERY, EXCEPT METALWORKING MACHINERY"
"3552","TEXTILE MACHINERY"
"3553","WOODWORKING MACHINERY"
"3554","PAPER INDUSTRIES MACHINERY"
"3555","PRINTING TRADES MACHINERY AND EQUIPMENT"
"3556","FOOD PRODUCTS MACHINERY"
"3559","SPECIAL INDUSTRY MACHINERY, NOT ELSEWHERE CLASSIFIED"
"356","GENERAL INDUSTRIAL MACHINERY AND EQUIPMENT"
"3561","PUMPS AND PUMPING EQUIPMENT"
"3562","BALL AND ROLLER BEARINGS"
"3563","AIR AND GAS COMPRESSORS"
"3564","INDUSTRIAL AND COMMERCIAL FANS AND BLOWERS AND AIR PURIFICATION E"
"3565","PACKAGING MACHINERY"
"3566","SPEED CHANGERS, INDUSTRIAL HIGH-SPEED DRIVES, AND GEARS"
"3567","INDUSTRIAL PROCESS FURNACES AND OVENS"
"3568","MECHANICAL POWER TRANSMISSION EQUIPMENT, NOT ELSEWHERE CLASSIFIED"
"3569","GENERAL INDUSTRIAL MACHINERY AND EQUIPMENT, NOT ELSEWHERE CLASSIF"
"357","COMPUTER AND OFFICE EQUIPMENT"
"3571","ELECTRONIC COMPUTERS"
"3572","COMPUTER STORAGE DEVICES"
"3575","COMPUTER TERMINALS"
"3577","COMPUTER PERIPHERAL EQUIPMENT, NOT ELSEWHERE CLASSIFIED"
"3578","CALCULATING AND ACCOUNTING MACHINES, EXCEPT ELECTRONIC COMPUTERS"
"3579","OFFICE MACHINES, NOT ELSEWHERE CLASSIFIED"
"358","REFRIGERATION AND SERVICE INDUSTRY MACHINERY"
"3581","AUTOMATIC VENDING MACHINES"
"3582","COMMERCIAL LAUNDRY, DRYCLEANING, AND PRESSING MACHINES"
"3585","AIR-CONDITIONING AND WARM AIR HEATING EQUIPMENT AND COMMERCIAL AN"
"3586","MEASURING AND DISPENSING PUMPS"
"3589","SERVICE INDUSTRY MACHINERY, NOT ELSEWHERE CLASSIFIED"
"359","MISCELLANEOUS INDUSTRIAL AND COMMERCIAL MACHINERY AND EQUIPMENT"
"3592","CARBURETORS, PISTONS, PISTON RINGS, AND VALVES"
"3593","FLUID POWER CYLINDERS AND ACTUATORS"
"3594","FLUID POWER PUMPS AND MOTORS"
"3596","SCALES AND BALANCES, EXCEPT LABORATORY"
"3599","INDUSTRIAL AND COMMERCIAL MACHINERY AND EQUIPMENT, NOT ELSEWHERE"
"36","ELECTRONIC AND OTHER ELECTRICAL EQUIPMENT AND COMPONENTS, EXCEPT COMPUTER"
"361","ELECTRIC TRANSMISSION AND DISTRIBUTION EQUIPMENT"
"3612","POWER, DISTRIBUTION, AND SPECIALTY TRANSFORMERS"
"3613","SWITCHGEAR AND SWITCHBOARD APPARATUS"
"362","ELECTRICAL INDUSTRIAL APPARATUS"
"3621","MOTORS AND GENERATORS"
"3624","CARBON AND GRAPHITE PRODUCTS"
"3625","RELAYS AND INDUSTRIAL CONTROLS"
"3629","ELECTRICAL INDUSTRIAL APPARATUS, NOT ELSEWHERE CLASSIFIED"
"363","HOUSEHOLD APPLIANCES"
"3631","HOUSEHOLD COOKING EQUIPMENT"
"3632","HOUSEHOLD REFRIGERATORS AND HOME AND FARM FREEZERS"
"3633","HOUSEHOLD LAUNDRY EQUIPMENT"
"3634","ELECTRIC HOUSEWARES AND FANS"
"3635","HOUSEHOLD VACUUM CLEANERS"
"3639","HOUSEHOLD APPLIANCES, NOT ELSEWHERE CLASSIFIED"
"364","ELECTRIC LIGHTING AND WIRING EQUIPMENT"
"3641","ELECTRIC LAMP BULBS AND TUBES"
"3643","CURRENT-CARRYING WIRING DEVICES"
"3644","NONCURRENT-CARRYING WIRING DEVICES"
"3645","RESIDENTIAL ELECTRIC LIGHTING FIXTURES"
"3646","COMMERCIAL, INDUSTRIAL, AND INSTITUTIONAL ELECTRIC LIGHTING FIXTU"
"3647","VEHICULAR LIGHTING EQUIPMENT"
"3648","LIGHTING EQUIPMENT, NOT ELSEWHERE CLASSIFIED"
"365","HOUSEHOLD AUDIO AND VIDEO EQUIPMENT, AND AUDIO RECORDINGS"
"3651","HOUSEHOLD AUDIO AND VIDEO EQUIPMENT"
"3652","PHONOGRAPH RECORDS AND PRERECORDED AUDIO TAPES AND DISKS"
"366","COMMUNICATIONS EQUIPMENT"
"3661","TELEPHONE AND TELEGRAPH APPARATUS"
"3663","RADIO AND TELEVISION BROADCASTING AND COMMUNICATIONS EQUIPMENT"
"3669","COMMUNICATIONS EQUIPMENT, NOT ELSEWHERE CLASSIFIED"
"367","ELECTRONIC COMPONENTS AND ACCESSORIES"
"3671","ELECTRON TUBES"
"3672","PRINTED CIRCUIT BOARDS"
"3674","SEMICONDUCTORS AND RELATED DEVICES"
"3675","ELECTRONIC CAPACITORS"
"3676","ELECTRONIC RESISTORS"
"3677","ELECTRONIC COILS, TRANSFORMERS, AND OTHER INDUCTORS"
"3678","ELECTRONIC CONNECTORS"
"3679","ELECTRONIC COMPONENTS, NOT ELSEWHERE CLASSIFIED"
"369","MISCELLANEOUS ELECTRICAL MACHINERY, EQUIPMENT, AND SUPPLIES"
"3691","STORAGE BATTERIES"
"3692","PRIMARY BATTERIES, DRY AND WET"
"3694","ELECTRICAL EQUIPMENT FOR INTERNAL COMBUSTION ENGINES"
"3695","MAGNETIC AND OPTICAL RECORDING MEDIA"
"3699","ELECTRICAL MACHINERY, EQUIPMENT, AND SUPPLIES, NOT ELSEWHERE CLAS"
"37","TRANSPORTATION EQUIPMENT"
"371","MOTOR VEHICLES AND MOTOR VEHICLE EQUIPMENT"
"3711","MOTOR VEHICLES AND PASSENGER CAR BODIES"
"3713","TRUCK AND BUS BODIES"
"3714","MOTOR VEHICLE PARTS AND ACCESSORIES"
"3715","TRUCK TRAILERS"
"3716","MOTOR HOMES"
"372","AIRCRAFT AND PARTS"
"3721","AIRCRAFT"
"3724","AIRCRAFT ENGINES AND ENGINE PARTS"
"3728","AIRCRAFT PARTS AND AUXILIARY EQUIPMENT, NOT ELSEWHERE CLASSIFIED"
"373","SHIP AND BOAT BUILDING AND REPAIRING"
"3731","SHIP BUILDING AND REPAIRING"
"3732","BOAT BUILDING AND REPAIRING"
"374","RAILROAD EQUIPMENT"
"3743","RAILROAD EQUIPMENT"
"375","MOTORCYCLES, BICYCLES, AND PARTS"
"3751","MOTORCYCLES, BICYCLES, AND PARTS"
"376","GUIDED MISSILES AND SPACE VEHICLES AND PARTS"
"3761","GUIDED MISSILES AND SPACE VEHICLES"
"3764","GUIDED MISSILE AND SPACE VEHICLE PROPULSION UNITS AND PROPULSION"
"3769","GUIDED MISSILE AND SPACE VEHICLE PARTS AND AUXILIARY EQUIPMENT, N"
"379","MISCELLANEOUS TRANSPORTATION EQUIPMENT"
"3792","TRAVEL TRAILERS AND CAMPERS"
"3795","TANKS AND TANK COMPONENTS"
"3799","TRANSPORTATION EQUIPMENT, NOT ELSEWHERE CLASSIFIED"
"38","MEASURING, ANALYZING AND CONTROLLING INSTRUMENTS; PHOTOGRAPHIC, MEDICAL AN"
"381","SEARCH, DETECTION, NAVIGATION, GUIDANCE, AERONAUTICAL, AND NAUTICA"
"3812","SEARCH, DETECTION, NAVIGATION, GUIDANCE, AERONAUTICAL, AND NAUTIC"
"382","LABORATORY APPARATUS AND ANALYTICAL, OPTICAL, MEASURING, AND CONTR"
"3821","LABORATORY APPARATUS AND FURNITURE"
"3822","AUTOMATIC CONTROLS FOR REGULATING RESIDENTIAL AND COMMERCIAL ENVI"
"3823","INDUSTRIAL INSTRUMENTS FOR MEASUREMENT, DISPLAY, AND CONTROL OF P"
"3824","TOTALIZING FLUID METERS AND COUNTING DEVICES"
"3825","INSTRUMENTS FOR MEASURING AND TESTING OF ELECTRICITY AND ELECTRIC"
"3826","LABORATORY ANALYTICAL INSTRUMENTS"
"3827","OPTICAL INSTRUMENTS AND LENSES"
"3829","MEASURING AND CONTROLLING DEVICES, NOT ELSEWHERE CLASSIFIED"
"384","SURGICAL, MEDICAL, AND DENTAL INSTRUMENTS AND SUPPLIES"
"3841","SURGICAL AND MEDICAL INSTRUMENTS AND APPARATUS"
"3842","ORTHOPEDIC, PROSTHETIC, AND SURGICAL APPLIANCES AND SUPPLIES"
"3843","DENTAL EQUIPMENT AND SUPPLIES"
"3844","X-RAY APPARATUS AND TUBES AND RELATED IRRADIATION APPARATUS"
"3845","ELECTROMEDICAL AND ELECTROTHERAPEUTIC APPARATUS"
"385","OPHTHALMIC GOODS"
"3851","OPHTHALMIC GOODS"
"386","PHOTOGRAPHIC EQUIPMENT AND SUPPLIES"
"3861","PHOTOGRAPHIC EQUIPMENT AND SUPPLIES"
"387","WATCHES, CLOCKS, CLOCKWORK OPERATED DEVICES, AND PARTS"
"3873","WATCHES, CLOCKS, CLOCKWORK OPERATED DEVICES, AND PARTS"
"39","MISCELLANEOUS MANUFACTURING INDUSTRIES"
"391","JEWELRY, SILVERWARE, AND PLATED WARE"
"3911","JEWELRY, PRECIOUS METAL"
"3914","SILVERWARE, PLATED WARE, AND STAINLESS STEEL WARE"
"3915","JEWELERS' FINDINGS AND MATERIALS, AND LAPIDARY WORK"
"393","MUSICAL INSTRUMENTS"
"3931","MUSICAL INSTRUMENTS"
"394","DOLLS, TOYS, GAMES AND SPORTING AND ATHLETIC GOODS"
"3942","DOLLS AND STUFFED TOYS"
"3944","GAMES, TOYS, AND CHILDREN'S VEHICLES, EXCEPT DOLLS AND BICYCLES"
"3949","SPORTING AND ATHLETIC GOODS, NOT ELSEWHERE CLASSIFIED"
"395","PENS, PENCILS, AND OTHER ARTISTS' MATERIALS"
"3951","PENS, MECHANICAL PENCILS, AND PARTS"
"3952","LEAD PENCILS, CRAYONS, AND ARTISTS' MATERIALS"
"3953","MARKING DEVICES"
"3955","CARBON PAPER AND INKED RIBBONS"
"396","COSTUME JEWELRY, COSTUME NOVELTIES, BUTTONS, AND MISCELLANEOUS NOT"
"3961","COSTUME JEWELRY AND COSTUME NOVELTIES, EXCEPT PRECIOUS METAL"
"3965","FASTENERS, BUTTONS, NEEDLES, AND PINS"
"399","MISCELLANEOUS MANUFACTURING INDUSTRIES"
"3991","BROOMS AND BRUSHES"
"3993","SIGNS AND ADVERTISING SPECIALTIES"
"3995","BURIAL CASKETS"
"3996","LINOLEUM, ASPHALTED-FELT-BASE, AND OTHER HARD SURFACE FLOOR COVER"
"3999","MANUFACTURING INDUSTRIES, NOT ELSEWHERE CLASSIFIED"
"40","RAILROAD TRANSPORTATION"
"401","RAILROADS"
"4011","RAILROADS, LINE-HAUL OPERATING"
"4013","RAILROAD SWITCHING AND TERMINAL ESTABLISHMENTS"
"41","LOCAL AND SUBURBAN TRANSIT AND INTERURBAN HIGHWAY PASSENGER TRANSPORTATION"
"411","LOCAL AND SUBURBAN PASSENGER TRANSPORTATION"
"4111","LOCAL AND SUBURBAN TRANSIT"
"4119","LOCAL PASSENGER TRANSPORTATION, NOT ELSEWHERE CLASSIFIED"
"412","TAXICABS"
"4121","TAXICABS"
"413","INTERCITY AND RURAL BUS TRANSPORTATION"
"4131","INTERCITY AND RURAL BUS TRANSPORTATION"
"414","BUS CHARTER SERVICE"
"4141","LOCAL BUS CHARTER SERVICE"
"4142","BUS CHARTER SERVICE, EXCEPT LOCAL"
"415","SCHOOL BUSES"
"4151","SCHOOL BUSES"
"417","TERMINAL AND SERVICE FACILITIES FOR MOTOR VEHICLE PASSENGER TRANSP"
"4173","TERMINAL AND SERVICE FACILITIES FOR MOTOR VEHICLE PASSENGER TRANS"
"42","MOTOR FREIGHT TRANSPORTATION AND WAREHOUSING"
"421","TRUCKING AND COURIER SERVICES, EXCEPT AIR"
"4212","LOCAL TRUCKING WITHOUT STORAGE"
"4213","TRUCKING, EXCEPT LOCAL"
"4214","LOCAL TRUCKING WITH STORAGE"
"4215","COURIER SERVICES, EXCEPT BY AIR"
"422","PUBLIC WAREHOUSING AND STORAGE"
"4221","FARM PRODUCT WAREHOUSING AND STORAGE"
"4222","REFRIGERATED WAREHOUSING AND STORAGE"
"4225","GENERAL WAREHOUSING AND STORAGE"
"4226","SPECIAL WAREHOUSING AND STORAGE, NOT ELSEWHERE CLASSIFIED"
"423","TERMINAL AND JOINT TERMINAL MAINTENANCE FACILITIES FOR MOTOR FREIG"
"4231","TERMINAL AND JOINT TERMINAL MAINTENANCE FACILITIES FOR MOTOR FREI"
"43","UNITED STATES POSTAL SERVICE"
"431","UNITED STATES POSTAL SERVICE"
"4311","UNITED STATES POSTAL SERVICE"
"44","WATER TRANSPORTATION"
"441","DEEP SEA FOREIGN TRANSPORTATION OF FREIGHT"
"4412","DEEP SEA FOREIGN TRANSPORTATION OF FREIGHT"
"442","DEEP SEA DOMESTIC TRANSPORTATION OF FREIGHT"
"4424","DEEP SEA DOMESTIC TRANSPORTATION OF FREIGHT"
"443","FREIGHT TRANSPORTATION ON THE GREAT LAKES&die;ST. LAWRENCE SEAWAY"
"4432","FREIGHT TRANSPORTATION ON THE GREAT LAKES&die;ST. LAWRENCE SEAWAY"
"444","WATER TRANSPORTATION OF FREIGHT, NOT ELSEWHERE CLASSIFIED"
"4449","WATER TRANSPORTATION OF FREIGHT, NOT ELSEWHERE CLASSIFIED"
"448","WATER TRANSPORTATION OF PASSENGERS"
"4481","DEEP SEA TRANSPORTATION OF PASSENGERS, EXCEPT BY FERRY"
"4482","FERRIES"
"4489","WATER TRANSPORTATION OF PASSENGERS, NOT ELSEWHERE CLASSIFIED"
"449","SERVICES INCIDENTAL TO WATER TRANSPORTATION"
"4491","MARINE CARGO HANDLING"
"4492","TOWING AND TUGBOAT SERVICES"
"4493","MARINAS"
"4499","WATER TRANSPORTATION SERVICES, NOT ELSEWHERE CLASSIFIED"
"45","TRANSPORTATION BY AIR"
"451","AIR TRANSPORTATION, SCHEDULED, AND AIR COURIER SERVICES"
"4512","AIR TRANSPORTATION, SCHEDULED"
"4513","AIR COURIER SERVICES"
"452","AIR TRANSPORTATION, NONSCHEDULED"
"4522","AIR TRANSPORTATION, NONSCHEDULED"
"458","AIRPORTS, FLYING FIELDS, AND AIRPORT TERMINAL SERVICES"
"4581","AIRPORTS, FLYING FIELDS, AND AIRPORT TERMINAL SERVICES"
"46","PIPELINES, EXCEPT NATURAL GAS"
"461","PIPELINES, EXCEPT NATURAL GAS"
"4612","CRUDE PETROLEUM PIPELINES"
"4613","REFINED PETROLEUM PIPELINES"
"4619","PIPELINES, NOT ELSEWHERE CLASSIFIED"
"47","TRANSPORTATION SERVICES"
"472","ARRANGEMENT OF PASSENGER TRANSPORTATION"
"4724","TRAVEL AGENCIES"
"4725","TOUR OPERATORS"
"4729","ARRANGEMENT OF PASSENGER TRANSPORTATION, NOT ELSEWHERE CLASSIFIED"
"473","ARRANGEMENT OF TRANSPORTATION OF FREIGHT AND CARGO"
"4731","ARRANGEMENT OF TRANSPORTATION OF FREIGHT AND CARGO"
"474","RENTAL OF RAILROAD CARS"
"4741","RENTAL OF RAILROAD CARS"
"478","MISCELLANEOUS SERVICES INCIDENTAL TO TRANSPORTATION"
"4783","PACKING AND CRATING"
"4785","FIXED FACILITIES AND INSPECTION AND WEIGHING SERVICES FOR MOTOR V"
"4785","CARGO CHECKERS AND SURVEYORS, MARINE"
"4789","TRANSPORTATION SERVICES, NOT ELSEWHERE CLASSIFIED"
"48","COMMUNICATIONS"
"481","TELEPHONE COMMUNICATIONS"
"4812","RADIOTELEPHONE COMMUNICATIONS"
"4813","TELEPHONE COMMUNICATIONS, EXCEPT RADIOTELEPHONE"
"482","TELEGRAPH AND OTHER MESSAGE COMMUNICATIONS"
"4822","TELEGRAPH AND OTHER MESSAGE COMMUNICATIONS"
"483","RADIO AND TELEVISION BROADCASTING STATIONS"
"4832","RADIO BROADCASTING STATIONS"
"4833","TELEVISION BROADCASTING STATIONS"
"484","CABLE AND OTHER PAY TELEVISION SERVICES"
"4841","CABLE AND OTHER PAY TELEVISION SERVICES"
"489","COMMUNICATIONS SERVICES, NOT ELSEWHERE CLASSIFIED"
"4899","COMMUNICATIONS SERVICES, NOT ELSEWHERE CLASSIFIED"
"49","ELECTRIC, GAS, AND SANITARY SERVICES"
"491","ELECTRIC SERVICES"
"4911","ELECTRIC SERVICES"
"492","GAS PRODUCTION AND DISTRIBUTION"
"4922","NATURAL GAS TRANSMISSION"
"4923","NATURAL GAS TRANSMISSION AND DISTRIBUTION"
"4924","NATURAL GAS DISTRIBUTION"
"4925","MIXED, MANUFACTURED, OR LIQUEFIED PETROLEUM GAS PRODUCTION AND/OR"
"493","COMBINATION ELECTRIC AND GAS, AND OTHER UTILITY SERVICES"
"4931","ELECTRIC AND OTHER SERVICES COMBINED"
"4932","GAS AND OTHER SERVICES COMBINED"
"4939","COMBINATION UTILITIES, NOT ELSEWHERE CLASSIFIED"
"494","WATER SUPPLY"
"4941","WATER SUPPLY"
"495","SANITARY SERVICES"
"4952","SEWERAGE SYSTEMS"
"4953","REFUSE SYSTEMS"
"4959","SANITARY SERVICES, NOT ELSEWHERE CLASSIFIED"
"496","STEAM AND AIR-CONDITIONING SUPPLY"
"4961","STEAM AND AIR-CONDITIONING SUPPLY"
"497","IRRIGATION SYSTEMS"
"4971","IRRIGATION SYSTEMS"
"50","WHOLESALE TRADE&die;DURABLE GOODS"
"501","MOTOR VEHICLES AND MOTOR VEHICLE PARTS AND SUPPLIES"
"5012","AUTOMOBILES AND OTHER MOTOR VEHICLES"
"5013","MOTOR VEHICLE SUPPLIES AND NEW PARTS"
"5014","TIRES AND TUBES"
"5015","MOTOR VEHICLE PARTS, USED"
"502","FURNITURE AND HOMEFURNISHINGS"
"5021","FURNITURE"
"5023","HOMEFURNISHINGS"
"503","LUMBER AND OTHER CONSTRUCTION MATERIALS"
"5031","LUMBER, PLYWOOD, MILLWORK, AND WOOD PANELS"
"5032","BRICK, STONE, AND RELATED CONSTRUCTION MATERIALS"
"5033","ROOFING, SIDING, AND INSULATION MATERIALS"
"5039","CONSTRUCTION MATERIALS, NOT ELSEWHERE CLASSIFIED"
"504","PROFESSIONAL AND COMMERCIAL EQUIPMENT AND SUPPLIES"
"5043","PHOTOGRAPHIC EQUIPMENT AND SUPPLIES"
"5044","OFFICE EQUIPMENT"
"5045","COMPUTERS AND COMPUTER PERIPHERAL EQUIPMENT AND SOFTWARE"
"5046","COMMERCIAL EQUIPMENT, NOT ELSEWHERE CLASSIFIED"
"5047","MEDICAL, DENTAL, AND HOSPITAL EQUIPMENT AND SUPPLIES"
"5048","OPHTHALMIC GOODS"
"5049","PROFESSIONAL EQUIPMENT AND SUPPLIES, NOT ELSEWHERE CLASSIFIED"
"505","METALS AND MINERALS, EXCEPT PETROLEUM"
"5051","METALS SERVICE CENTERS AND OFFICES"
"5052","COAL AND OTHER MINERALS AND ORES"
"506","ELECTRICAL GOODS"
"5063","ELECTRICAL APPARATUS AND EQUIPMENT, WIRING SUPPLIES, AND CONSTRUC"
"5064","ELECTRICAL APPLIANCES, TELEVISION AND RADIO SETS"
"5065","ELECTRONIC PARTS AND EQUIPMENT, NOT ELSEWHERE CLASSIFIED"
"507","HARDWARE, AND PLUMBING AND HEATING EQUIPMENT AND SUPPLIES"
"5072","HARDWARE"
"5074","PLUMBING AND HEATING EQUIPMENT AND SUPPLIES (HYDRONICS)"
"5075","WARM AIR HEATING AND AIR-CONDITIONING EQUIPMENT AND SUPPLIES"
"5078","REFRIGERATION EQUIPMENT AND SUPPLIES"
"508","MACHINERY, EQUIPMENT, AND SUPPLIES"
"5082","CONSTRUCTION AND MINING (EXCEPT PETROLEUM) MACHINERY AND EQUIPMEN"
"5083","FARM AND GARDEN MACHINERY AND EQUIPMENT"
"5084","INDUSTRIAL MACHINERY AND EQUIPMENT"
"5085","INDUSTRIAL SUPPLIES"
"5087","SERVICE ESTABLISHMENT EQUIPMENT AND SUPPLIES"
"5088","TRANSPORTATION EQUIPMENT AND SUPPLIES, EXCEPT MOTOR VEHICLES"
"509","MISCELLANEOUS DURABLE GOODS"
"5091","SPORTING AND RECREATIONAL GOODS AND SUPPLIES"
"5092","TOYS AND HOBBY GOODS AND SUPPLIES"
"5093","SCRAP AND WASTE MATERIALS"
"5094","JEWELRY, WATCHES, PRECIOUS STONES, AND PRECIOUS METALS"
"5099","DURABLE GOODS, NOT ELSEWHERE CLASSIFIED"
"51","WHOLESALE TRADE&die;NONDURABLE GOODS"
"511","PAPER AND PAPER PRODUCTS"
"5111","PRINTING AND WRITING PAPER"
"5112","STATIONERY AND OFFICE SUPPLIES"
"5113","INDUSTRIAL AND PERSONAL SERVICE PAPER"
"512","DRUGS, DRUG PROPRIETARIES, AND DRUGGISTS' SUNDRIES"
"5122","DRUGS, DRUG PROPRIETARIES, AND DRUGGISTS' SUNDRIES"
"513","APPAREL, PIECE GOODS, AND NOTIONS"
"5131","PIECE GOODS, NOTIONS, AND OTHER DRY GOODS"
"5136","MEN'S AND BOYS' CLOTHING AND FURNISHINGS"
"5137","WOMEN'S, CHILDREN'S, AND INFANTS' CLOTHING AND ACCESSORIES"
"5139","FOOTWEAR"
"514","GROCERIES AND RELATED PRODUCTS"
"5141","GROCERIES, GENERAL LINE"
"5142","PACKAGED FROZEN FOODS"
"5143","DAIRY PRODUCTS, EXCEPT DRIED OR CANNED"
"5144","POULTRY AND POULTRY PRODUCTS"
"5145","CONFECTIONERY"
"5146","FISH AND SEAFOODS"
"5147","MEATS AND MEAT PRODUCTS"
"5148","FRESH FRUITS AND VEGETABLES"
"5149","GROCERIES AND RELATED PRODUCTS, NOT ELSEWHERE CLASSIFIED"
"515","FARM-PRODUCT RAW MATERIALS"
"5153","GRAIN AND FIELD BEANS"
"5154","LIVESTOCK"
"5159","FARM-PRODUCT RAW MATERIALS, NOT ELSEWHERE CLASSIFIED"
"516","CHEMICALS AND ALLIED PRODUCTS"
"5162","PLASTICS MATERIALS AND BASIC FORMS AND SHAPES"
"5169","CHEMICALS AND ALLIED PRODUCTS, NOT ELSEWHERE CLASSIFIED"
"517","PETROLEUM AND PETROLEUM PRODUCTS"
"5171","PETROLEUM BULK STATIONS AND TERMINALS"
"5172","PETROLEUM AND PETROLEUM PRODUCTS WHOLESALERS, EXCEPT BULK STATION"
"518","BEER, WINE, AND DISTILLED ALCOHOLIC BEVERAGES"
"5181","BEER AND ALE"
"5182","WINE AND DISTILLED ALCOHOLIC BEVERAGES"
"519","MISCELLANEOUS NONDURABLE GOODS"
"5191","FARM SUPPLIES"
"5192","BOOKS, PERIODICALS, AND NEWSPAPERS"
"5193","FLOWERS, NURSERY STOCK, AND FLORISTS' SUPPLIES"
"5194","TOBACCO AND TOBACCO PRODUCTS"
"5198","PAINTS, VARNISHES, AND SUPPLIES"
"5199","NONDURABLE GOODS, NOT ELSEWHERE CLASSIFIED"
"52","BUILDING MATERIALS, HARDWARE, GARDEN SUPPLY, AND MOBILE HOME DEALERS"
"521","LUMBER AND OTHER BUILDING MATERIALS DEALERS"
"5211","LUMBER AND OTHER BUILDING MATERIALS DEALERS"
"523","PAINT, GLASS, AND WALLPAPER STORES"
"5231","PAINT, GLASS, AND WALLPAPER STORES"
"525","HARDWARE STORES"
"5251","HARDWARE STORES"
"526","RETAIL NURSERIES, LAWN AND GARDEN SUPPLY STORES"
"5261","RETAIL NURSERIES, LAWN AND GARDEN SUPPLY STORES"
"527","MOBILE HOME DEALERS"
"5271","MOBILE HOME DEALERS"
"53","GENERAL MERCHANDISE STORES"
"531","DEPARTMENT STORES"
"5311","DEPARTMENT STORES"
"533","VARIETY STORES"
"5331","VARIETY STORES"
"539","MISCELLANEOUS GENERAL MERCHANDISE STORES"
"5399","MISCELLANEOUS GENERAL MERCHANDISE STORES"
"54","FOOD STORES"
"541","GROCERY STORES"
"5411","GROCERY STORES"
"542","MEAT AND FISH (SEAFOOD) MARKETS, INCLUDING FREEZER PROVISIONERS"
"5421","MEAT AND FISH (SEAFOOD) MARKETS, INCLUDING FREEZER PROVISIONERS"
"543","FRUIT AND VEGETABLE MARKETS"
"5431","FRUIT AND VEGETABLE MARKETS"
"544","CANDY, NUT, AND CONFECTIONERY STORES"
"5441","CANDY, NUT, AND CONFECTIONERY STORES"
"545","DAIRY PRODUCTS STORES"
"5451","DAIRY PRODUCTS STORES"
"546","RETAIL BAKERIES"
"5461","RETAIL BAKERIES"
"549","MISCELLANEOUS FOOD STORES"
"5499","MISCELLANEOUS FOOD STORES"
"55","AUTOMOTIVE DEALERS AND GASOLINE SERVICE STATIONS"
"551","MOTOR VEHICLE DEALERS (NEW AND USED)"
"5511","MOTOR VEHICLE DEALERS (NEW AND USED)"
"552","MOTOR VEHICLE DEALERS (USED ONLY)"
"5521","MOTOR VEHICLE DEALERS (USED ONLY)"
"553","AUTO AND HOME SUPPLY STORES"
"5531","AUTO AND HOME SUPPLY STORES"
"554","GASOLINE SERVICE STATIONS"
"5541","GASOLINE SERVICE STATIONS"
"555","BOAT DEALERS"
"5551","BOAT DEALERS"
"556","RECREATIONAL VEHICLE DEALERS"
"5561","RECREATIONAL VEHICLE DEALERS"
"557","MOTORCYCLE DEALERS"
"5571","MOTORCYCLE DEALERS"
"559","AUTOMOTIVE DEALERS, NOT ELSEWHERE CLASSIFIED"
"5599","AUTOMOTIVE DEALERS, NOT ELSEWHERE CLASSIFIED"
"56","APPAREL AND ACCESSORY STORES"
"561","MEN'S AND BOYS' CLOTHING AND ACCESSORY STORES"
"5611","MEN'S AND BOYS' CLOTHING AND ACCESSORY STORES"
"562","WOMEN'S CLOTHING STORES"
"5621","WOMEN'S CLOTHING STORES"
"563","WOMEN'S ACCESSORY AND SPECIALTY STORES"
"5632","WOMEN'S ACCESSORY AND SPECIALTY STORES"
"564","CHILDREN'S AND INFANTS' WEAR STORES"
"5641","CHILDREN'S AND INFANTS' WEAR STORES"
"565","FAMILY CLOTHING STORES"
"5651","FAMILY CLOTHING STORES"
"566","SHOE STORES"
"5661","SHOE STORES"
"569","MISCELLANEOUS APPAREL AND ACCESSORY STORES"
"5699","MISCELLANEOUS APPAREL AND ACCESSORY STORES"
"57","HOME FURNITURE, FURNISHINGS, AND EQUIPMENT STORES"
"571","HOME FURNITURE AND FURNISHINGS STORES"
"5712","FURNITURE STORES"
"5713","FLOOR COVERING STORES"
"5714","DRAPERY, CURTAIN, AND UPHOLSTERY STORES"
"5719","MISCELLANEOUS HOMEFURNISHINGS STORES"
"572","HOUSEHOLD APPLIANCE STORES"
"5722","HOUSEHOLD APPLIANCE STORES"
"573","RADIO, TELEVISION, CONSUMER ELECTRONICS, AND MUSIC STORES"
"5731","RADIO, TELEVISION, AND CONSUMER ELECTRONICS STORES"
"5734","COMPUTER AND COMPUTER SOFTWARE STORES"
"5735","RECORD AND PRERECORDED TAPE STORES"
"5736","MUSICAL INSTRUMENT STORES"
"58","EATING AND DRINKING PLACES"
"581","EATING AND DRINKING PLACES"
"5812","EATING PLACES"
"5813","DRINKING PLACES (ALCOHOLIC BEVERAGES)"
"59","MISCELLANEOUS RETAIL"
"591","DRUG STORES AND PROPRIETARY STORES"
"5912","DRUG STORES AND PROPRIETARY STORES"
"592","LIQUOR STORES"
"5921","LIQUOR STORES"
"593","USED MERCHANDISE STORES"
"5932","USED MERCHANDISE STORES"
"594","MISCELLANEOUS SHOPPING GOODS STORES"
"5941","SPORTING GOODS STORES AND BICYCLE SHOPS"
"5942","BOOK STORES"
"5943","STATIONERY STORES"
"5944","JEWELRY STORES"
"5945","HOBBY, TOY, AND GAME SHOPS"
"5946","CAMERA AND PHOTOGRAPHIC SUPPLY STORES"
"5947","GIFT, NOVELTY, AND SOUVENIR SHOPS"
"5948","LUGGAGE AND LEATHER GOODS STORES"
"5949","SEWING, NEEDLEWORK, AND PIECE GOODS STORES"
"596","NONSTORE RETAILERS"
"5961","CATALOG AND MAIL-ORDER HOUSES"
"5962","AUTOMATIC MERCHANDISING MACHINE OPERATORS"
"5963","DIRECT SELLING ESTABLISHMENTS"
"598","FUEL DEALERS"
"5983","FUEL OIL DEALERS"
"5984","LIQUEFIED PETROLEUM GAS (BOTTLED GAS) DEALERS"
"5989","FUEL DEALERS, NOT ELSEWHERE CLASSIFIED"
"599","RETAIL STORES, NOT ELSEWHERE CLASSIFIED"
"5992","FLORISTS"
"5993","TOBACCO STORES AND STANDS"
"5994","NEWS DEALERS AND NEWSSTANDS"
"5995","OPTICAL GOODS STORES"
"5999","MISCELLANEOUS RETAIL STORES, NOT ELSEWHERE CLASSIFIED"
"60","DEPOSITORY INSTITUTIONS"
"601","CENTRAL RESERVE DEPOSITORY INSTITUTIONS"
"6011","FEDERAL RESERVE BANKS"
"6019","CENTRAL RESERVE DEPOSITORY INSTITUTIONS, NOT ELSEWHERE CLASSIFIED"
"602","COMMERCIAL BANKS"
"6021","NATIONAL COMMERCIAL BANKS"
"6022","STATE COMMERCIAL BANKS"
"6029","COMMERCIAL BANKS, NOT ELSEWHERE CLASSIFIED"
"603","SAVINGS INSTITUTIONS"
"6035","SAVINGS INSTITUTIONS, FEDERALLY CHARTERED"
"6036","SAVINGS INSTITUTIONS, NOT FEDERALLY CHARTERED"
"606","CREDIT UNIONS"
"6061","CREDIT UNIONS, FEDERALLY CHARTERED"
"6062","CREDIT UNIONS, NOT FEDERALLY CHARTERED"
"608","FOREIGN BANKING AND BRANCHES AND AGENCIES OF FOREIGN BANKS"
"6081","BRANCHES AND AGENCIES OF FOREIGN BANKS"
"6082","FOREIGN TRADE AND INTERNATIONAL BANKING INSTITUTIONS"
"609","FUNCTIONS RELATED TO DEPOSITORY BANKING"
"6091","NONDEPOSIT TRUST FACILITIES"
"6099","FUNCTIONS RELATED TO DEPOSITORY BANKING, NOT ELSEWHERE CLASSIFIED"
"61","NONDEPOSITORY CREDIT INSTITUTIONS"
"611","FEDERAL AND FEDERALLY-SPONSORED CREDIT AGENCIES"
"6111","FEDERAL AND FEDERALLY-SPONSORED CREDIT AGENCIES"
"614","PERSONAL CREDIT INSTITUTIONS"
"6141","PERSONAL CREDIT INSTITUTIONS"
"615","BUSINESS CREDIT INSTITUTIONS"
"6153","SHORT-TERM BUSINESS CREDIT INSTITUTIONS, EXCEPT AGRICULTURAL"
"6159","MISCELLANEOUS BUSINESS CREDIT INSTITUTIONS"
"616","MORTGAGE BANKERS AND BROKERS"
"6162","MORTGAGE BANKERS AND LOAN CORRESPONDENTS"
"6163","LOAN BROKERS"
"62","SECURITY AND COMMODITY BROKERS, DEALERS, EXCHANGES, AND SERVICES"
"621","SECURITY BROKERS, DEALERS, AND FLOTATION COMPANIES"
"6211","SECURITY BROKERS, DEALERS, AND FLOTATION COMPANIES"
"622","COMMODITY CONTRACTS BROKERS AND DEALERS"
"6221","COMMODITY CONTRACTS BROKERS AND DEALERS"
"623","SECURITY AND COMMODITY EXCHANGES"
"6231","SECURITY AND COMMODITY EXCHANGES"
"628","SERVICES ALLIED WITH THE EXCHANGE OF SECURITIES OR COMMODITIES"
"6282","INVESTMENT ADVICE"
"6289","SERVICES ALLIED WITH THE EXCHANGE OF SECURITIES OR COMMODITIES, N"
"63","INSURANCE CARRIERS"
"631","LIFE INSURANCE"
"6311","LIFE INSURANCE"
"632","ACCIDENT AND HEALTH INSURANCE AND MEDICAL SERVICE PLANS"
"6321","ACCIDENT AND HEALTH INSURANCE"
"6324","HOSPITAL AND MEDICAL SERVICE PLANS"
"633","FIRE, MARINE, AND CASUALTY INSURANCE"
"6331","FIRE, MARINE, AND CASUALTY INSURANCE"
"635","SURETY INSURANCE"
"6351","SURETY INSURANCE"
"636","TITLE INSURANCE"
"6361","TITLE INSURANCE"
"637","PENSION, HEALTH, AND WELFARE FUNDS"
"6371","PENSION, HEALTH, AND WELFARE FUNDS"
"639","INSURANCE CARRIERS, NOT ELSEWHERE CLASSIFIED"
"6399","INSURANCE CARRIERS, NOT ELSEWHERE CLASSIFIED"
"64","INSURANCE AGENTS, BROKERS, AND SERVICE"
"641","INSURANCE AGENTS, BROKERS, AND SERVICE"
"6411","INSURANCE AGENTS, BROKERS, AND SERVICE"
"65","REAL ESTATE"
"651","REAL ESTATE OPERATORS (EXCEPT DEVELOPERS) AND LESSORS"
"6512","OPERATORS OF NONRESIDENTIAL BUILDINGS"
"6513","OPERATORS OF APARTMENT BUILDINGS"
"6514","OPERATORS OF DWELLINGS OTHER THAN APARTMENT BUILDINGS"
"6515","OPERATORS OF RESIDENTIAL MOBILE HOME SITES"
"6517","LESSORS OF RAILROAD PROPERTY"
"6519","LESSORS OF REAL PROPERTY, NOT ELSEWHERE CLASSIFIED"
"653","REAL ESTATE AGENTS AND MANAGERS"
"6531","REAL ESTATE AGENTS AND MANAGERS"
"654","TITLE ABSTRACT OFFICES"
"6541","TITLE ABSTRACT OFFICES"
"655","LAND SUBDIVIDERS AND DEVELOPERS"
"6552","LAND SUBDIVIDERS AND DEVELOPERS, EXCEPT CEMETERIES"
"6553","CEMETERY SUBDIVIDERS AND DEVELOPERS"
"67","HOLDING AND OTHER INVESTMENT OFFICES"
"671","HOLDING OFFICES"
"6712","OFFICES OF BANK HOLDING COMPANIES"
"6719","OFFICES OF HOLDING COMPANIES, NOT ELSEWHERE CLASSIFIED"
"672","INVESTMENT OFFICES"
"6722","MANAGEMENT INVESTMENT OFFICES, OPEN-END"
"6726","UNIT INVESTMENT TRUSTS, FACE-AMOUNT CERTIFICATE OFFICES, AND CLOS"
"673","TRUSTS"
"6732","EDUCATIONAL, RELIGIOUS, AND CHARITABLE TRUSTS"
"6733","TRUSTS, EXCEPT EDUCATIONAL, RELIGIOUS, AND CHARITABLE"
"679","MISCELLANEOUS INVESTING"
"6792","OIL ROYALTY TRADERS"
"6794","PATENT OWNERS AND LESSORS"
"6798","REAL ESTATE INVESTMENT TRUSTS"
"6799","INVESTORS, NOT ELSEWHERE CLASSIFIED"
"70","HOTELS, ROOMING HOUSES, CAMPS, AND OTHER LODGING PLACES"
"701","HOTELS AND MOTELS"
"7011","HOTELS AND MOTELS"
"702","ROOMING AND BOARDING HOUSES"
"7021","ROOMING AND BOARDING HOUSES"
"703","CAMPS AND RECREATIONAL VEHICLE PARKS"
"7032","SPORTING AND RECREATIONAL CAMPS"
"7033","RECREATIONAL VEHICLE PARKS AND CAMPSITES"
"704","ORGANIZATION HOTELS AND LODGING HOUSES, ON MEMBERSHIP BASIS"
"7041","ORGANIZATION HOTELS AND LODGING HOUSES, ON MEMBERSHIP BASIS"
"72","PERSONAL SERVICES"
"721","LAUNDRY, CLEANING, AND GARMENT SERVICES"
"7211","POWER LAUNDRIES, FAMILY AND COMMERCIAL"
"7212","GARMENT PRESSING, AND AGENTS FOR LAUNDRIES AND DRYCLEANERS"
"7213","LINEN SUPPLY"
"7215","COIN-OPERATED LAUNDRIES AND DRYCLEANING"
"7216","DRYCLEANING PLANTS, EXCEPT RUG CLEANING"
"7217","CARPET AND UPHOLSTERY CLEANING"
"7218","INDUSTRIAL LAUNDERERS"
"7219","LAUNDRY AND GARMENT SERVICES, NOT ELSEWHERE CLASSIFIED"
"722","PHOTOGRAPHIC STUDIOS, PORTRAIT"
"7221","PHOTOGRAPHIC STUDIOS, PORTRAIT"
"723","BEAUTY SHOPS"
"7231","BEAUTY SHOPS"
"724","BARBER SHOPS"
"7241","BARBER SHOPS"
"725","SHOE REPAIR SHOPS AND SHOESHINE PARLORS"
"7251","SHOE REPAIR SHOPS AND SHOESHINE PARLORS"
"726","FUNERAL SERVICE AND CREMATORIES"
"7261","FUNERAL SERVICE AND CREMATORIES"
"729","MISCELLANEOUS PERSONAL SERVICES"
"7291","TAX RETURN PREPARATION SERVICES"
"7299","MISCELLANEOUS PERSONAL SERVICES, NOT ELSEWHERE CLASSIFIED"
"73","BUSINESS SERVICES"
"731","ADVERTISING"
"7311","ADVERTISING AGENCIES"
"7312","OUTDOOR ADVERTISING SERVICES"
"7313","RADIO, TELEVISION, AND PUBLISHERS' ADVERTISING REPRESENTATIVES"
"7319","ADVERTISING, NOT ELSEWHERE CLASSIFIED"
"732","CONSUMER CREDIT REPORTING AGENCIES, MERCANTILE REPORTING AGENCIES,"
"7322","ADJUSTMENT AND COLLECTION SERVICES"
"7323","CREDIT REPORTING SERVICES"
"733","MAILING, REPRODUCTION, COMMERCIAL ART AND PHOTOGRAPHY, AND STENOGR"
"7331","DIRECT MAIL ADVERTISING SERVICES"
"7334","PHOTOCOPYING AND DUPLICATING SERVICES"
"7335","COMMERCIAL PHOTOGRAPHY"
"7336","COMMERCIAL ART AND GRAPHIC DESIGN"
"7338","SECRETARIAL AND COURT REPORTING SERVICES"
"734","SERVICES TO DWELLINGS AND OTHER BUILDINGS"
"7342","DISINFECTING AND PEST CONTROL SERVICES"
"7349","BUILDING CLEANING AND MAINTENANCE SERVICES, NOT ELSEWHERE CLASSIF"
"735","MISCELLANEOUS EQUIPMENT RENTAL AND LEASING"
"7352","MEDICAL EQUIPMENT RENTAL AND LEASING"
"7353","HEAVY CONSTRUCTION EQUIPMENT RENTAL AND LEASING"
"7359","EQUIPMENT RENTAL AND LEASING, NOT ELSEWHERE CLASSIFIED"
"736","PERSONNEL SUPPLY SERVICES"
"7361","EMPLOYMENT AGENCIES"
"7363","HELP SUPPLY SERVICES"
"737","COMPUTER PROGRAMMING, DATA PROCESSING, AND OTHER COMPUTER RELATED"
"7371","COMPUTER PROGRAMMING SERVICES"
"7372","PREPACKAGED SOFTWARE"
"7373","COMPUTER INTEGRATED SYSTEMS DESIGN"
"7374","COMPUTER PROCESSING AND DATA PREPARATION AND PROCESSING SERVICES"
"7375","INFORMATION RETRIEVAL SERVICES"
"7376","COMPUTER FACILITIES MANAGEMENT SERVICES"
"7377","COMPUTER RENTAL AND LEASING"
"7378","COMPUTER MAINTENANCE AND REPAIR"
"7379","COMPUTER RELATED SERVICES, NOT ELSEWHERE CLASSIFIED"
"738","MISCELLANEOUS BUSINESS SERVICES"
"7381","DETECTIVE, GUARD, AND ARMORED CAR SERVICES"
"7382","SECURITY SYSTEMS SERVICES"
"7383","NEWS SYNDICATES"
"7384","PHOTOFINISHING LABORATORIES"
"7389","BUSINESS SERVICES, NOT ELSEWHERE CLASSIFIED"
"75","AUTOMOTIVE REPAIR, SERVICES, AND PARKING"
"751","AUTOMOTIVE RENTAL AND LEASING, WITHOUT DRIVERS"
"7513","TRUCK RENTAL AND LEASING, WITHOUT DRIVERS"
"7514","PASSENGER CAR RENTAL"
"7515","PASSENGER CAR LEASING"
"7519","UTILITY TRAILER AND RECREATIONAL VEHICLE RENTAL"
"752","AUTOMOBILE PARKING"
"7521","AUTOMOBILE PARKING"
"753","AUTOMOTIVE REPAIR SHOPS"
"7532","TOP, BODY, AND UPHOLSTERY REPAIR SHOPS AND PAINT SHOPS"
"7533","AUTOMOTIVE EXHAUST SYSTEM REPAIR SHOPS"
"7534","TIRE RETREADING AND REPAIR SHOPS"
"7536","AUTOMOTIVE GLASS REPLACEMENT SHOPS"
"7537","AUTOMOTIVE TRANSMISSION REPAIR SHOPS"
"7538","GENERAL AUTOMOTIVE REPAIR SHOPS"
"7539","AUTOMOTIVE REPAIR SHOPS, NOT ELSEWHERE CLASSIFIED"
"754","AUTOMOTIVE SERVICES, EXCEPT REPAIR"
"7542","CARWASHES"
"7549","AUTOMOTIVE SERVICES, EXCEPT REPAIR AND CARWASHES"
"76","MISCELLANEOUS REPAIR SERVICES"
"762","ELECTRICAL REPAIR SHOPS"
"7622","RADIO AND TELEVISION REPAIR SHOPS"
"7623","REFRIGERATION AND AIR-CONDITIONING SERVICE AND REPAIR SHOPS"
"7629","ELECTRICAL AND ELECTRONIC REPAIR SHOPS, NOT ELSEWHERE CLASSIFIED"
"763","WATCH, CLOCK, AND JEWELRY REPAIR"
"7631","WATCH, CLOCK, AND JEWELRY REPAIR"
"764","REUPHOLSTERY AND FURNITURE REPAIR"
"7641","REUPHOLSTERY AND FURNITURE REPAIR"
"769","MISCELLANEOUS REPAIR SHOPS AND RELATED SERVICES"
"7692","WELDING REPAIR"
"7694","ARMATURE REWINDING SHOPS"
"7699","REPAIR SHOPS AND RELATED SERVICES, NOT ELSEWHERE CLASSIFIED"
"78","MOTION PICTURES"
"781","MOTION PICTURE PRODUCTION AND ALLIED SERVICES"
"7812","MOTION PICTURE AND VIDEO TAPE PRODUCTION"
"7819","SERVICES ALLIED TO MOTION PICTURE PRODUCTION"
"782","MOTION PICTURE DISTRIBUTION AND ALLIED SERVICES"
"7822","MOTION PICTURE AND VIDEO TAPE DISTRIBUTION"
"7829","SERVICES ALLIED TO MOTION PICTURE DISTRIBUTION"
"783","MOTION PICTURE THEATERS"
"7832","MOTION PICTURE THEATERS, EXCEPT DRIVE-IN"
"7833","DRIVE-IN MOTION PICTURE THEATERS"
"784","VIDEO TAPE RENTAL"
"7841","VIDEO TAPE RENTAL"
"79","AMUSEMENT AND RECREATION SERVICES"
"791","DANCE STUDIOS, SCHOOLS, AND HALLS"
"7911","DANCE STUDIOS, SCHOOLS, AND HALLS"
"792","THEATRICAL PRODUCERS (EXCEPT MOTION PICTURE), BANDS, ORCHESTRAS, A"
"7922","THEATRICAL PRODUCERS (EXCEPT MOTION PICTURE) AND MISCELLANEOUS TH"
"7929","BANDS, ORCHESTRAS, ACTORS, AND OTHER ENTERTAINERS AND ENTERTAINME"
"793","BOWLING CENTERS"
"7933","BOWLING CENTERS"
"794","COMMERCIAL SPORTS"
"7941","PROFESSIONAL SPORTS CLUBS AND PROMOTERS"
"7948","RACING, INCLUDING TRACK OPERATION"
"799","MISCELLANEOUS AMUSEMENT AND RECREATION SERVICES"
"7991","PHYSICAL FITNESS FACILITIES"
"7992","PUBLIC GOLF COURSES"
"7993","COIN-OPERATED AMUSEMENT DEVICES"
"7996","AMUSEMENT PARKS"
"7997","MEMBERSHIP SPORTS AND RECREATION CLUBS"
"7999","AMUSEMENT AND RECREATION SERVICES, NOT ELSEWHERE CLASSIFIED"
"80","HEALTH SERVICES"
"801","OFFICES AND CLINICS OF DOCTORS OF MEDICINE"
"8011","OFFICES AND CLINICS OF DOCTORS OF MEDICINE"
"802","OFFICES AND CLINICS OF DENTISTS"
"8021","OFFICES AND CLINICS OF DENTISTS"
"803","OFFICES AND CLINICS OF DOCTORS OF OSTEOPATHY"
"8031","OFFICES AND CLINICS OF DOCTORS OF OSTEOPATHY"
"804","OFFICES AND CLINICS OF OTHER HEALTH PRACTITIONERS"
"8041","OFFICES AND CLINICS OF CHIROPRACTORS"
"8042","OFFICES AND CLINICS OF OPTOMETRISTS"
"8043","OFFICES AND CLINICS OF PODIATRISTS"
"8049","OFFICES AND CLINICS OF HEALTH PRACTITIONERS, NOT ELSEWHERE CLASSI"
"805","NURSING AND PERSONAL CARE FACILITIES"
"8051","SKILLED NURSING CARE FACILITIES"
"8052","INTERMEDIATE CARE FACILITIES"
"8059","NURSING AND PERSONAL CARE FACILITIES, NOT ELSEWHERE CLASSIFIED"
"806","HOSPITALS"
"8062","GENERAL MEDICAL AND SURGICAL HOSPITALS"
"8063","PSYCHIATRIC HOSPITALS"
"8069","SPECIALTY HOSPITALS, EXCEPT PSYCHIATRIC"
"807","MEDICAL AND DENTAL LABORATORIES"
"8071","MEDICAL LABORATORIES"
"8072","DENTAL LABORATORIES"
"808","HOME HEALTH CARE SERVICES"
"8082","HOME HEALTH CARE SERVICES"
"809","MISCELLANEOUS HEALTH AND ALLIED SERVICES, NOT ELSEWHERE CLASSIFIED"
"8092","KIDNEY DIALYSIS CENTERS"
"8093","SPECIALTY OUTPATIENT FACILITIES, NOT ELSEWHERE CLASSIFIED"
"8099","HEALTH AND ALLIED SERVICES, NOT ELSEWHERE CLASSIFIED"
"81","LEGAL SERVICES"
"811","LEGAL SERVICES"
"8111","LEGAL SERVICES"
"82","EDUCATIONAL SERVICES"
"821","ELEMENTARY AND SECONDARY SCHOOLS"
"8211","ELEMENTARY AND SECONDARY SCHOOLS"
"822","COLLEGES, UNIVERSITIES, PROFESSIONAL SCHOOLS, AND JUNIOR COLLEGES"
"8221","COLLEGES, UNIVERSITIES, AND PROFESSIONAL SCHOOLS"
"8222","JUNIOR COLLEGES AND TECHNICAL INSTITUTES"
"823","LIBRARIES"
"8231","LIBRARIES"
"824","VOCATIONAL SCHOOLS"
"8243","DATA PROCESSING SCHOOLS"
"8244","BUSINESS AND SECRETARIAL SCHOOLS"
"8249","VOCATIONAL SCHOOLS, NOT ELSEWHERE CLASSIFIED"
"829","SCHOOLS AND EDUCATIONAL SERVICES, NOT ELSEWHERE CLASSIFIED"
"8299","SCHOOLS AND EDUCATIONAL SERVICES, NOT ELSEWHERE CLASSIFIED"
"83","SOCIAL SERVICES"
"832","INDIVIDUAL AND FAMILY SOCIAL SERVICES"
"8322","INDIVIDUAL AND FAMILY SOCIAL SERVICES"
"833","JOB TRAINING AND VOCATIONAL REHABILITATION SERVICES"
"8331","JOB TRAINING AND VOCATIONAL REHABILITATION SERVICES"
"835","CHILD DAY CARE SERVICES"
"8351","CHILD DAY CARE SERVICES"
"836","RESIDENTIAL CARE"
"8361","RESIDENTIAL CARE"
"839","SOCIAL SERVICES, NOT ELSEWHERE CLASSIFIED"
"8399","SOCIAL SERVICES, NOT ELSEWHERE CLASSIFIED"
"84","MUSEUMS, ART GALLERIES, AND BOTANICAL AND ZOOLOGICAL GARDENS"
"841","MUSEUMS AND ART GALLERIES"
"8412","MUSEUMS AND ART GALLERIES"
"842","ARBORETA AND BOTANICAL OR ZOOLOGICAL GARDENS"
"8422","ARBORETA AND BOTANICAL OR ZOOLOGICAL GARDENS"
"86","MEMBERSHIP ORGANIZATIONS"
"861","BUSINESS ASSOCIATIONS"
"8611","BUSINESS ASSOCIATIONS"
"862","PROFESSIONAL MEMBERSHIP ORGANIZATIONS"
"8621","PROFESSIONAL MEMBERSHIP ORGANIZATIONS"
"863","LABOR UNIONS AND SIMILAR LABOR ORGANIZATIONS"
"8631","LABOR UNIONS AND SIMILAR LABOR ORGANIZATIONS"
"864","CIVIC, SOCIAL, AND FRATERNAL ASSOCIATIONS"
"8641","CIVIC, SOCIAL, AND FRATERNAL ASSOCIATIONS"
"865","POLITICAL ORGANIZATIONS"
"8651","POLITICAL ORGANIZATIONS"
"866","RELIGIOUS ORGANIZATIONS"
"8661","RELIGIOUS ORGANIZATIONS"
"869","MEMBERSHIP ORGANIZATIONS, NOT ELSEWHERE CLASSIFIED"
"8699","MEMBERSHIP ORGANIZATIONS, NOT ELSEWHERE CLASSIFIED"
"87","ENGINEERING, ACCOUNTING, RESEARCH, MANAGEMENT, AND RELATED SERVICES"
"871","ENGINEERING, ARCHITECTURAL, AND SURVEYING SERVICES"
"8711","ENGINEERING SERVICES"
"8712","ARCHITECTURAL SERVICES"
"8713","SURVEYING SERVICES"
"872","ACCOUNTING, AUDITING, AND BOOKKEEPING SERVICES"
"8721","ACCOUNTING, AUDITING, AND BOOKKEEPING SERVICES"
"873","RESEARCH, DEVELOPMENT, AND TESTING SERVICES"
"8731","COMMERCIAL PHYSICAL AND BIOLOGICAL RESEARCH"
"8732","COMMERCIAL ECONOMIC, SOCIOLOGICAL, AND EDUCATIONAL RESEARCH"
"8733","NONCOMMERCIAL RESEARCH ORGANIZATIONS"
"8734","TESTING LABORATORIES"
"874","MANAGEMENT AND PUBLIC RELATIONS SERVICES"
"8741","MANAGEMENT SERVICES"
"8742","MANAGEMENT CONSULTING SERVICES"
"8743","PUBLIC RELATIONS SERVICES"
"8744","FACILITIES SUPPORT MANAGEMENT SERVICES"
"8748","BUSINESS CONSULTING SERVICES, NOT ELSEWHERE CLASSIFIED"
"88","PRIVATE HOUSEHOLDS"
"881","PRIVATE HOUSEHOLDS"
"8811","PRIVATE HOUSEHOLDS"
"89","SERVICES, NOT ELSEWHERE CLASSIFIED"
"899","SERVICES, NOT ELSEWHERE CLASSIFIED"
"8999","SERVICES, NOT ELSEWHERE CLASSIFIED"
"91","EXECUTIVE, LEGISLATIVE, AND GENERAL GOVERNMENT, EXCEPT FINANCE"
"911","EXECUTIVE OFFICES"
"9111","EXECUTIVE OFFICES"
"912","LEGISLATIVE BODIES"
"9121","LEGISLATIVE BODIES"
"913","EXECUTIVE AND LEGISLATIVE OFFICES COMBINED"
"9131","EXECUTIVE AND LEGISLATIVE OFFICES COMBINED"
"919","GENERAL GOVERNMENT, NOT ELSEWHERE CLASSIFIED"
"9199","GENERAL GOVERNMENT, NOT ELSEWHERE CLASSIFIED"
"92","JUSTICE, PUBLIC ORDER, AND SAFETY"
"921","COURTS"
"9211","COURTS"
"922","PUBLIC ORDER AND SAFETY"
"9221","POLICE PROTECTION"
"9222","LEGAL COUNSEL AND PROSECUTION"
"9223","CORRECTIONAL INSTITUTIONS"
"9224","FIRE PROTECTION"
"9229","PUBLIC ORDER AND SAFETY, NOT ELSEWHERE CLASSIFIED"
"93","PUBLIC FINANCE, TAXATION, AND MONETARY POLICY"
"931","PUBLIC FINANCE, TAXATION, AND MONETARY POLICY"
"9311","PUBLIC FINANCE, TAXATION, AND MONETARY POLICY"
"94","ADMINISTRATION OF HUMAN RESOURCE PROGRAMS"
"941","ADMINISTRATION OF EDUCATIONAL PROGRAMS"
"9411","ADMINISTRATION OF EDUCATIONAL PROGRAMS"
"943","ADMINISTRATION OF PUBLIC HEALTH PROGRAMS"
"9431","ADMINISTRATION OF PUBLIC HEALTH PROGRAMS"
"944","ADMINISTRATION OF SOCIAL, HUMAN RESOURCE AND INCOME MAINTENANCE PR"
"9441","ADMINISTRATION OF SOCIAL, HUMAN RESOURCE AND INCOME MAINTENANCE P"
"945","ADMINISTRATION OF VETERANS' AFFAIRS, EXCEPT HEALTH AND INSURANCE"
"9451","ADMINISTRATION OF VETERANS' AFFAIRS, EXCEPT HEALTH AND INSURANCE"
"95","ADMINISTRATION OF ENVIRONMENTAL QUALITY AND HOUSING PROGRAMS"
"951","ADMINISTRATION OF ENVIRONMENTAL QUALITY PROGRAMS"
"9511","AIR AND WATER RESOURCE AND SOLID WASTE MANAGEMENT"
"9512","LAND, MINERAL, WILDLIFE, AND FOREST CONSERVATION"
"953","ADMINISTRATION OF HOUSING AND URBAN DEVELOPMENT PROGRAMS"
"9531","ADMINISTRATION OF HOUSING PROGRAMS"
"9532","ADMINISTRATION OF URBAN PLANNING AND COMMUNITY AND RURAL DEVELOPM"
"96","ADMINISTRATION OF ECONOMIC PROGRAMS"
"961","ADMINISTRATION OF GENERAL ECONOMIC PROGRAMS"
"9611","ADMINISTRATION OF GENERAL ECONOMIC PROGRAMS"
"962","REGULATION AND ADMINISTRATION OF TRANSPORTATION PROGRAMS"
"9621","REGULATION AND ADMINISTRATION OF TRANSPORTATION PROGRAMS"
"963","REGULATION AND ADMINISTRATION OF COMMUNICATIONS, ELECTRIC, GAS, AN"
"9631","REGULATION AND ADMINISTRATION OF COMMUNICATIONS, ELECTRIC, GAS, A"
"964","REGULATION OF AGRICULTURAL MARKETING AND COMMODITIES"
"9641","REGULATION OF AGRICULTURAL MARKETING AND COMMODITIES"
"965","REGULATION, LICENSING, AND INSPECTION OF MISCELLANEOUS COMMERCIAL"
"9651","REGULATION, LICENSING, AND INSPECTION OF MISCELLANEOUS COMMERCIAL"
"966","SPACE RESEARCH AND TECHNOLOGY"
"9661","SPACE RESEARCH AND TECHNOLOGY"
"97","NATIONAL SECURITY AND INTERNATIONAL AFFAIRS"
"971","NATIONAL SECURITY"
"9711","NATIONAL SECURITY"
"972","INTERNATIONAL AFFAIRS"
"9721","INTERNATIONAL AFFAIRS"
"99","NONCLASSIFIABLE ESTABLISHMENTS"
"999","NONCLASSIFIABLE ESTABLISHMENTS"
"9999","NONCLASSIFIABLE ESTABLISHMENTS"
